[{"model": "contenttypes.contenttype", "pk": 1, "fields": {"app_label": "admin", "model": "logentry"}}, {"model": "contenttypes.contenttype", "pk": 2, "fields": {"app_label": "auth", "model": "permission"}}, {"model": "contenttypes.contenttype", "pk": 3, "fields": {"app_label": "auth", "model": "group"}}, {"model": "contenttypes.contenttype", "pk": 4, "fields": {"app_label": "auth", "model": "user"}}, {"model": "contenttypes.contenttype", "pk": 5, "fields": {"app_label": "contenttypes", "model": "contenttype"}}, {"model": "contenttypes.contenttype", "pk": 6, "fields": {"app_label": "sessions", "model": "session"}}, {"model": "contenttypes.contenttype", "pk": 7, "fields": {"app_label": "blog", "model": "blogtype"}}, {"model": "contenttypes.contenttype", "pk": 8, "fields": {"app_label": "blog", "model": "blog"}}, {"model": "contenttypes.contenttype", "pk": 9, "fields": {"app_label": "blog", "model": "readnum"}}, {"model": "contenttypes.contenttype", "pk": 10, "fields": {"app_label": "read_statistics", "model": "readnum"}}, {"model": "contenttypes.contenttype", "pk": 11, "fields": {"app_label": "read_statistics", "model": "readdetail"}}, {"model": "contenttypes.contenttype", "pk": 12, "fields": {"app_label": "comment", "model": "comment"}}, {"model": "contenttypes.contenttype", "pk": 13, "fields": {"app_label": "comment", "model": "reply"}}, {"model": "contenttypes.contenttype", "pk": 14, "fields": {"app_label": "likes", "model": "likecount"}}, {"model": "contenttypes.contenttype", "pk": 15, "fields": {"app_label": "likes", "model": "likerecord"}}, {"model": "contenttypes.contenttype", "pk": 16, "fields": {"app_label": "user", "model": "profile"}}, {"model": "sessions.session", "pk": "3cnkyul78jf4k4912daewuhbbhlqqfi7", "fields": {"session_data": "ZTlmYzg3MDFhZWIzNTFjMzM0MmVlNjE5ZTE5ZDEzZTlmNTQyM2YwYTp7Il9hdXRoX3VzZXJfaWQiOiIzIiwiX2F1dGhfdXNlcl9iYWNrZW5kIjoiZGphbmdvLmNvbnRyaWIuYXV0aC5iYWNrZW5kcy5Nb2RlbEJhY2tlbmQiLCJfYXV0aF91c2VyX2hhc2giOiIwYWU1MGIyMDJkODgyZGRjNTg2OGIyYzk1NTIyN2EyNjUwYjI5NmJhIn0=", "expire_date": "2018-07-08T08:06:42.115Z"}}, {"model": "sessions.session", "pk": "3nu1tw13qntm5lvkqc2te2ybxycnk8k5", "fields": {"session_data": "MTdkOGI1NDdkYmZhMjljMTg5NTM2NDQxZDk4MmVhMmRjNGJiNjEzMTp7fQ==", "expire_date": "2018-07-08T12:25:32.658Z"}}, {"model": "sessions.session", "pk": "4vuucg34j2qmr9lns1bdexa0az05p2ds", "fields": {"session_data": "ZTlmYzg3MDFhZWIzNTFjMzM0MmVlNjE5ZTE5ZDEzZTlmNTQyM2YwYTp7Il9hdXRoX3VzZXJfaWQiOiIzIiwiX2F1dGhfdXNlcl9iYWNrZW5kIjoiZGphbmdvLmNvbnRyaWIuYXV0aC5iYWNrZW5kcy5Nb2RlbEJhY2tlbmQiLCJfYXV0aF91c2VyX2hhc2giOiIwYWU1MGIyMDJkODgyZGRjNTg2OGIyYzk1NTIyN2EyNjUwYjI5NmJhIn0=", "expire_date": "2018-07-08T12:39:06.105Z"}}, {"model": "sessions.session", "pk": "6cmar3gs13mbicfpezw0epoyl5dgb45r", "fields": {"session_data": "ZDJmYjRhZWJkNWQ0Y2M1OTAzOGVlYWYxMTA2ZThmNTUyZGYxOGViZTp7Il9hdXRoX3VzZXJfaWQiOiIxIiwiX2F1dGhfdXNlcl9iYWNrZW5kIjoiZGphbmdvLmNvbnRyaWIuYXV0aC5iYWNrZW5kcy5Nb2RlbEJhY2tlbmQiLCJfYXV0aF91c2VyX2hhc2giOiI0N2Y0MjU1YjBkYTY2NDA3YWEyMDUwNjYyYzAyNzk0NDRiNTk3NGJiIn0=", "expire_date": "2018-07-09T07:26:52.919Z"}}, {"model": "sessions.session", "pk": "9rdw1ioz32lmv8pzxc8lpbwvppq1yljo", "fields": {"session_data": "ZDJmYjRhZWJkNWQ0Y2M1OTAzOGVlYWYxMTA2ZThmNTUyZGYxOGViZTp7Il9hdXRoX3VzZXJfaWQiOiIxIiwiX2F1dGhfdXNlcl9iYWNrZW5kIjoiZGphbmdvLmNvbnRyaWIuYXV0aC5iYWNrZW5kcy5Nb2RlbEJhY2tlbmQiLCJfYXV0aF91c2VyX2hhc2giOiI0N2Y0MjU1YjBkYTY2NDA3YWEyMDUwNjYyYzAyNzk0NDRiNTk3NGJiIn0=", "expire_date": "2018-06-21T05:47:25.452Z"}}, {"model": "sessions.session", "pk": "a0x37de8f5a4rkufugnr4key1rwb1ajo", "fields": {"session_data": "ZDJmYjRhZWJkNWQ0Y2M1OTAzOGVlYWYxMTA2ZThmNTUyZGYxOGViZTp7Il9hdXRoX3VzZXJfaWQiOiIxIiwiX2F1dGhfdXNlcl9iYWNrZW5kIjoiZGphbmdvLmNvbnRyaWIuYXV0aC5iYWNrZW5kcy5Nb2RlbEJhY2tlbmQiLCJfYXV0aF91c2VyX2hhc2giOiI0N2Y0MjU1YjBkYTY2NDA3YWEyMDUwNjYyYzAyNzk0NDRiNTk3NGJiIn0=", "expire_date": "2018-09-20T11:43:42.045Z"}}, {"model": "sessions.session", "pk": "az9fs7s98zch6bd0gxqyicos0q2u2td2", "fields": {"session_data": "ZDJmYjRhZWJkNWQ0Y2M1OTAzOGVlYWYxMTA2ZThmNTUyZGYxOGViZTp7Il9hdXRoX3VzZXJfaWQiOiIxIiwiX2F1dGhfdXNlcl9iYWNrZW5kIjoiZGphbmdvLmNvbnRyaWIuYXV0aC5iYWNrZW5kcy5Nb2RlbEJhY2tlbmQiLCJfYXV0aF91c2VyX2hhc2giOiI0N2Y0MjU1YjBkYTY2NDA3YWEyMDUwNjYyYzAyNzk0NDRiNTk3NGJiIn0=", "expire_date": "2018-06-20T11:43:10.258Z"}}, {"model": "sessions.session", "pk": "d78qhe98z0v9m943nnc5djh15qhv5ba4", "fields": {"session_data": "ZjIyNjk0MzVmM2ZlODk5M2QxNjRiNWYyZGRhYTUzMzQxOGY5NTgwYTp7Il9hdXRoX3VzZXJfaWQiOiIyIiwiX2F1dGhfdXNlcl9iYWNrZW5kIjoiZGphbmdvLmNvbnRyaWIuYXV0aC5iYWNrZW5kcy5Nb2RlbEJhY2tlbmQiLCJfYXV0aF91c2VyX2hhc2giOiJhMWRhMDc4N2UyMDg3NWViOTMzYmIzZWQ3NWJiMGVlMjJiMmJmYTY1In0=", "expire_date": "2018-08-06T10:12:12.578Z"}}, {"model": "sessions.session", "pk": "glvqbc9sl845tp1av646sy6vo998i67g", "fields": {"session_data": "ZDJmYjRhZWJkNWQ0Y2M1OTAzOGVlYWYxMTA2ZThmNTUyZGYxOGViZTp7Il9hdXRoX3VzZXJfaWQiOiIxIiwiX2F1dGhfdXNlcl9iYWNrZW5kIjoiZGphbmdvLmNvbnRyaWIuYXV0aC5iYWNrZW5kcy5Nb2RlbEJhY2tlbmQiLCJfYXV0aF91c2VyX2hhc2giOiI0N2Y0MjU1YjBkYTY2NDA3YWEyMDUwNjYyYzAyNzk0NDRiNTk3NGJiIn0=", "expire_date": "2018-06-21T05:47:57.096Z"}}, {"model": "sessions.session", "pk": "hnk97va2svjubyihckc4lffyigf2z6vv", "fields": {"session_data": "ZjIyNjk0MzVmM2ZlODk5M2QxNjRiNWYyZGRhYTUzMzQxOGY5NTgwYTp7Il9hdXRoX3VzZXJfaWQiOiIyIiwiX2F1dGhfdXNlcl9iYWNrZW5kIjoiZGphbmdvLmNvbnRyaWIuYXV0aC5iYWNrZW5kcy5Nb2RlbEJhY2tlbmQiLCJfYXV0aF91c2VyX2hhc2giOiJhMWRhMDc4N2UyMDg3NWViOTMzYmIzZWQ3NWJiMGVlMjJiMmJmYTY1In0=", "expire_date": "2018-09-20T13:38:43.655Z"}}, {"model": "sessions.session", "pk": "mgsui0fjl44uk3tlpdtc5e9koa1dtz1e", "fields": {"session_data": "ZDJmYjRhZWJkNWQ0Y2M1OTAzOGVlYWYxMTA2ZThmNTUyZGYxOGViZTp7Il9hdXRoX3VzZXJfaWQiOiIxIiwiX2F1dGhfdXNlcl9iYWNrZW5kIjoiZGphbmdvLmNvbnRyaWIuYXV0aC5iYWNrZW5kcy5Nb2RlbEJhY2tlbmQiLCJfYXV0aF91c2VyX2hhc2giOiI0N2Y0MjU1YjBkYTY2NDA3YWEyMDUwNjYyYzAyNzk0NDRiNTk3NGJiIn0=", "expire_date": "2018-08-06T09:14:36.146Z"}}, {"model": "sessions.session", "pk": "rv3caivdshdsiuro2xk7vl7nx02758c6", "fields": {"session_data": "ZDJmYjRhZWJkNWQ0Y2M1OTAzOGVlYWYxMTA2ZThmNTUyZGYxOGViZTp7Il9hdXRoX3VzZXJfaWQiOiIxIiwiX2F1dGhfdXNlcl9iYWNrZW5kIjoiZGphbmdvLmNvbnRyaWIuYXV0aC5iYWNrZW5kcy5Nb2RlbEJhY2tlbmQiLCJfYXV0aF91c2VyX2hhc2giOiI0N2Y0MjU1YjBkYTY2NDA3YWEyMDUwNjYyYzAyNzk0NDRiNTk3NGJiIn0=", "expire_date": "2018-10-29T11:24:44.037Z"}}, {"model": "sessions.session", "pk": "ts4jeobitmchaoi33n2akoq48p2k3vdc", "fields": {"session_data": "ZDJmYjRhZWJkNWQ0Y2M1OTAzOGVlYWYxMTA2ZThmNTUyZGYxOGViZTp7Il9hdXRoX3VzZXJfaWQiOiIxIiwiX2F1dGhfdXNlcl9iYWNrZW5kIjoiZGphbmdvLmNvbnRyaWIuYXV0aC5iYWNrZW5kcy5Nb2RlbEJhY2tlbmQiLCJfYXV0aF91c2VyX2hhc2giOiI0N2Y0MjU1YjBkYTY2NDA3YWEyMDUwNjYyYzAyNzk0NDRiNTk3NGJiIn0=", "expire_date": "2019-07-22T11:58:15.806Z"}}, {"model": "sessions.session", "pk": "uxomfz0nrh4wbhcipq4iu7wf50w3nsl0", "fields": {"session_data": "ZDJmYjRhZWJkNWQ0Y2M1OTAzOGVlYWYxMTA2ZThmNTUyZGYxOGViZTp7Il9hdXRoX3VzZXJfaWQiOiIxIiwiX2F1dGhfdXNlcl9iYWNrZW5kIjoiZGphbmdvLmNvbnRyaWIuYXV0aC5iYWNrZW5kcy5Nb2RlbEJhY2tlbmQiLCJfYXV0aF91c2VyX2hhc2giOiI0N2Y0MjU1YjBkYTY2NDA3YWEyMDUwNjYyYzAyNzk0NDRiNTk3NGJiIn0=", "expire_date": "2019-07-27T09:04:49.924Z"}}, {"model": "sessions.session", "pk": "z9opyx3iplc2epywx09okvyqk3vbulfg", "fields": {"session_data": "ZDJmYjRhZWJkNWQ0Y2M1OTAzOGVlYWYxMTA2ZThmNTUyZGYxOGViZTp7Il9hdXRoX3VzZXJfaWQiOiIxIiwiX2F1dGhfdXNlcl9iYWNrZW5kIjoiZGphbmdvLmNvbnRyaWIuYXV0aC5iYWNrZW5kcy5Nb2RlbEJhY2tlbmQiLCJfYXV0aF91c2VyX2hhc2giOiI0N2Y0MjU1YjBkYTY2NDA3YWEyMDUwNjYyYzAyNzk0NDRiNTk3NGJiIn0=", "expire_date": "2018-09-01T09:36:55.038Z"}}, {"model": "sessions.session", "pk": "zt9dauv6xlhebyvr20c5051ha55gvhis", "fields": {"session_data": "MTdkOGI1NDdkYmZhMjljMTg5NTM2NDQxZDk4MmVhMmRjNGJiNjEzMTp7fQ==", "expire_date": "2018-07-06T12:20:25.057Z"}}, {"model": "blog.blogtype", "pk": 1, "fields": {"type_name": "django", "is_display": true}}, {"model": "blog.blogtype", "pk": 2, "fields": {"type_name": "\u968f\u7b14", "is_display": true}}, {"model": "blog.blogtype", "pk": 3, "fields": {"type_name": "\u611f\u609f", "is_display": true}}, {"model": "blog.blogtype", "pk": 4, "fields": {"type_name": "\u552f\u6709\u97f3\u4e50\u6cbb\u6108\u4eba\u5fc3", "is_display": true}}, {"model": "read_statistics.readnum", "pk": 13, "fields": {"read_num": 6, "content_type": 8, "object_id": 12}}, {"model": "read_statistics.readnum", "pk": 14, "fields": {"read_num": 7, "content_type": 8, "object_id": 13}}, {"model": "read_statistics.readnum", "pk": 15, "fields": {"read_num": 3, "content_type": 8, "object_id": 8}}, {"model": "read_statistics.readnum", "pk": 16, "fields": {"read_num": 4, "content_type": 8, "object_id": 7}}, {"model": "read_statistics.readnum", "pk": 17, "fields": {"read_num": 16, "content_type": 8, "object_id": 14}}, {"model": "read_statistics.readnum", "pk": 18, "fields": {"read_num": 23, "content_type": 8, "object_id": 15}}, {"model": "read_statistics.readnum", "pk": 19, "fields": {"read_num": 6, "content_type": 8, "object_id": 11}}, {"model": "read_statistics.readnum", "pk": 20, "fields": {"read_num": 13, "content_type": 8, "object_id": 9}}, {"model": "read_statistics.readnum", "pk": 21, "fields": {"read_num": 7, "content_type": 8, "object_id": 10}}, {"model": "read_statistics.readnum", "pk": 22, "fields": {"read_num": 5, "content_type": 8, "object_id": 6}}, {"model": "read_statistics.readnum", "pk": 23, "fields": {"read_num": 8, "content_type": 8, "object_id": 5}}, {"model": "read_statistics.readnum", "pk": 24, "fields": {"read_num": 2, "content_type": 8, "object_id": 1}}, {"model": "read_statistics.readnum", "pk": 25, "fields": {"read_num": 4, "content_type": 8, "object_id": 4}}, {"model": "read_statistics.readnum", "pk": 26, "fields": {"read_num": 2, "content_type": 8, "object_id": 3}}, {"model": "read_statistics.readnum", "pk": 27, "fields": {"read_num": 2, "content_type": 8, "object_id": 2}}, {"model": "read_statistics.readnum", "pk": 28, "fields": {"read_num": 1, "content_type": 8, "object_id": 16}}, {"model": "read_statistics.readdetail", "pk": 4, "fields": {"date": "2018-06-12", "read_num": 2, "content_type": 8, "object_id": 12}}, {"model": "read_statistics.readdetail", "pk": 5, "fields": {"date": "2018-06-12", "read_num": 2, "content_type": 8, "object_id": 13}}, {"model": "read_statistics.readdetail", "pk": 6, "fields": {"date": "2018-06-13", "read_num": 2, "content_type": 8, "object_id": 12}}, {"model": "read_statistics.readdetail", "pk": 7, "fields": {"date": "2018-06-13", "read_num": 2, "content_type": 8, "object_id": 13}}, {"model": "read_statistics.readdetail", "pk": 8, "fields": {"date": "2018-06-13", "read_num": 1, "content_type": 8, "object_id": 8}}, {"model": "read_statistics.readdetail", "pk": 9, "fields": {"date": "2018-06-13", "read_num": 1, "content_type": 8, "object_id": 7}}, {"model": "read_statistics.readdetail", "pk": 10, "fields": {"date": "2018-06-13", "read_num": 1, "content_type": 8, "object_id": 14}}, {"model": "read_statistics.readdetail", "pk": 11, "fields": {"date": "2018-06-13", "read_num": 1, "content_type": 8, "object_id": 15}}, {"model": "read_statistics.readdetail", "pk": 12, "fields": {"date": "2018-06-13", "read_num": 1, "content_type": 8, "object_id": 11}}, {"model": "read_statistics.readdetail", "pk": 13, "fields": {"date": "2018-06-14", "read_num": 1, "content_type": 8, "object_id": 15}}, {"model": "read_statistics.readdetail", "pk": 14, "fields": {"date": "2018-06-14", "read_num": 1, "content_type": 8, "object_id": 11}}, {"model": "read_statistics.readdetail", "pk": 15, "fields": {"date": "2018-06-14", "read_num": 1, "content_type": 8, "object_id": 14}}, {"model": "read_statistics.readdetail", "pk": 16, "fields": {"date": "2018-06-21", "read_num": 5, "content_type": 8, "object_id": 15}}, {"model": "read_statistics.readdetail", "pk": 17, "fields": {"date": "2018-06-21", "read_num": 2, "content_type": 8, "object_id": 14}}, {"model": "read_statistics.readdetail", "pk": 18, "fields": {"date": "2018-06-21", "read_num": 1, "content_type": 8, "object_id": 13}}, {"model": "read_statistics.readdetail", "pk": 19, "fields": {"date": "2018-06-21", "read_num": 1, "content_type": 8, "object_id": 9}}, {"model": "read_statistics.readdetail", "pk": 20, "fields": {"date": "2018-06-21", "read_num": 1, "content_type": 8, "object_id": 11}}, {"model": "read_statistics.readdetail", "pk": 21, "fields": {"date": "2018-06-21", "read_num": 1, "content_type": 8, "object_id": 10}}, {"model": "read_statistics.readdetail", "pk": 22, "fields": {"date": "2018-06-22", "read_num": 1, "content_type": 8, "object_id": 15}}, {"model": "read_statistics.readdetail", "pk": 23, "fields": {"date": "2018-06-22", "read_num": 1, "content_type": 8, "object_id": 9}}, {"model": "read_statistics.readdetail", "pk": 24, "fields": {"date": "2018-06-22", "read_num": 1, "content_type": 8, "object_id": 10}}, {"model": "read_statistics.readdetail", "pk": 25, "fields": {"date": "2018-06-24", "read_num": 2, "content_type": 8, "object_id": 10}}, {"model": "read_statistics.readdetail", "pk": 26, "fields": {"date": "2018-06-24", "read_num": 6, "content_type": 8, "object_id": 9}}, {"model": "read_statistics.readdetail", "pk": 27, "fields": {"date": "2018-06-24", "read_num": 3, "content_type": 8, "object_id": 6}}, {"model": "read_statistics.readdetail", "pk": 28, "fields": {"date": "2018-06-24", "read_num": 6, "content_type": 8, "object_id": 5}}, {"model": "read_statistics.readdetail", "pk": 29, "fields": {"date": "2018-06-24", "read_num": 1, "content_type": 8, "object_id": 1}}, {"model": "read_statistics.readdetail", "pk": 30, "fields": {"date": "2018-06-24", "read_num": 2, "content_type": 8, "object_id": 15}}, {"model": "read_statistics.readdetail", "pk": 31, "fields": {"date": "2018-06-24", "read_num": 1, "content_type": 8, "object_id": 4}}, {"model": "read_statistics.readdetail", "pk": 32, "fields": {"date": "2018-06-25", "read_num": 1, "content_type": 8, "object_id": 9}}, {"model": "read_statistics.readdetail", "pk": 33, "fields": {"date": "2018-06-25", "read_num": 1, "content_type": 8, "object_id": 3}}, {"model": "read_statistics.readdetail", "pk": 34, "fields": {"date": "2018-06-25", "read_num": 1, "content_type": 8, "object_id": 7}}, {"model": "read_statistics.readdetail", "pk": 35, "fields": {"date": "2018-07-21", "read_num": 2, "content_type": 8, "object_id": 15}}, {"model": "read_statistics.readdetail", "pk": 36, "fields": {"date": "2018-07-21", "read_num": 1, "content_type": 8, "object_id": 9}}, {"model": "read_statistics.readdetail", "pk": 37, "fields": {"date": "2018-07-21", "read_num": 8, "content_type": 8, "object_id": 14}}, {"model": "read_statistics.readdetail", "pk": 38, "fields": {"date": "2018-07-23", "read_num": 2, "content_type": 8, "object_id": 15}}, {"model": "read_statistics.readdetail", "pk": 39, "fields": {"date": "2018-07-23", "read_num": 1, "content_type": 8, "object_id": 14}}, {"model": "read_statistics.readdetail", "pk": 40, "fields": {"date": "2018-07-23", "read_num": 1, "content_type": 8, "object_id": 11}}, {"model": "read_statistics.readdetail", "pk": 41, "fields": {"date": "2018-07-23", "read_num": 2, "content_type": 8, "object_id": 9}}, {"model": "read_statistics.readdetail", "pk": 42, "fields": {"date": "2018-07-23", "read_num": 2, "content_type": 8, "object_id": 10}}, {"model": "read_statistics.readdetail", "pk": 43, "fields": {"date": "2018-07-23", "read_num": 2, "content_type": 8, "object_id": 7}}, {"model": "read_statistics.readdetail", "pk": 44, "fields": {"date": "2018-07-23", "read_num": 1, "content_type": 8, "object_id": 1}}, {"model": "read_statistics.readdetail", "pk": 45, "fields": {"date": "2018-07-23", "read_num": 3, "content_type": 8, "object_id": 4}}, {"model": "read_statistics.readdetail", "pk": 46, "fields": {"date": "2018-07-23", "read_num": 2, "content_type": 8, "object_id": 13}}, {"model": "read_statistics.readdetail", "pk": 47, "fields": {"date": "2018-07-23", "read_num": 1, "content_type": 8, "object_id": 12}}, {"model": "read_statistics.readdetail", "pk": 48, "fields": {"date": "2018-07-23", "read_num": 1, "content_type": 8, "object_id": 8}}, {"model": "read_statistics.readdetail", "pk": 49, "fields": {"date": "2018-07-23", "read_num": 2, "content_type": 8, "object_id": 6}}, {"model": "read_statistics.readdetail", "pk": 50, "fields": {"date": "2018-07-23", "read_num": 1, "content_type": 8, "object_id": 5}}, {"model": "read_statistics.readdetail", "pk": 51, "fields": {"date": "2018-07-23", "read_num": 2, "content_type": 8, "object_id": 2}}, {"model": "read_statistics.readdetail", "pk": 52, "fields": {"date": "2018-07-23", "read_num": 1, "content_type": 8, "object_id": 3}}, {"model": "read_statistics.readdetail", "pk": 53, "fields": {"date": "2018-07-24", "read_num": 1, "content_type": 8, "object_id": 15}}, {"model": "read_statistics.readdetail", "pk": 54, "fields": {"date": "2018-07-24", "read_num": 1, "content_type": 8, "object_id": 5}}, {"model": "read_statistics.readdetail", "pk": 55, "fields": {"date": "2018-07-26", "read_num": 1, "content_type": 8, "object_id": 15}}, {"model": "read_statistics.readdetail", "pk": 56, "fields": {"date": "2018-07-26", "read_num": 1, "content_type": 8, "object_id": 14}}, {"model": "read_statistics.readdetail", "pk": 57, "fields": {"date": "2018-07-26", "read_num": 1, "content_type": 8, "object_id": 12}}, {"model": "read_statistics.readdetail", "pk": 58, "fields": {"date": "2018-07-26", "read_num": 1, "content_type": 8, "object_id": 9}}, {"model": "read_statistics.readdetail", "pk": 59, "fields": {"date": "2018-07-28", "read_num": 1, "content_type": 8, "object_id": 15}}, {"model": "read_statistics.readdetail", "pk": 60, "fields": {"date": "2018-08-20", "read_num": 1, "content_type": 8, "object_id": 15}}, {"model": "read_statistics.readdetail", "pk": 61, "fields": {"date": "2018-08-20", "read_num": 1, "content_type": 8, "object_id": 14}}, {"model": "read_statistics.readdetail", "pk": 62, "fields": {"date": "2018-09-06", "read_num": 1, "content_type": 8, "object_id": 15}}, {"model": "read_statistics.readdetail", "pk": 63, "fields": {"date": "2018-10-15", "read_num": 1, "content_type": 8, "object_id": 15}}, {"model": "read_statistics.readdetail", "pk": 64, "fields": {"date": "2018-10-15", "read_num": 1, "content_type": 8, "object_id": 14}}, {"model": "read_statistics.readdetail", "pk": 65, "fields": {"date": "2018-10-15", "read_num": 1, "content_type": 8, "object_id": 11}}, {"model": "read_statistics.readdetail", "pk": 66, "fields": {"date": "2019-07-06", "read_num": 1, "content_type": 8, "object_id": 15}}, {"model": "read_statistics.readdetail", "pk": 67, "fields": {"date": "2019-07-07", "read_num": 1, "content_type": 8, "object_id": 15}}, {"model": "read_statistics.readdetail", "pk": 68, "fields": {"date": "2019-07-08", "read_num": 1, "content_type": 8, "object_id": 15}}, {"model": "read_statistics.readdetail", "pk": 69, "fields": {"date": "2019-07-08", "read_num": 1, "content_type": 8, "object_id": 10}}, {"model": "read_statistics.readdetail", "pk": 70, "fields": {"date": "2019-07-08", "read_num": 1, "content_type": 8, "object_id": 8}}, {"model": "read_statistics.readdetail", "pk": 71, "fields": {"date": "2019-07-08", "read_num": 1, "content_type": 8, "object_id": 11}}, {"model": "read_statistics.readdetail", "pk": 72, "fields": {"date": "2019-07-09", "read_num": 1, "content_type": 8, "object_id": 16}}, {"model": "likes.likecount", "pk": 1, "fields": {"content_type": 8, "object_id": 15, "liked_num": 1}}, {"model": "likes.likecount", "pk": 2, "fields": {"content_type": 8, "object_id": 14, "liked_num": 0}}, {"model": "likes.likecount", "pk": 3, "fields": {"content_type": 8, "object_id": 13, "liked_num": 0}}, {"model": "likes.likecount", "pk": 4, "fields": {"content_type": 8, "object_id": 12, "liked_num": 0}}, {"model": "likes.likecount", "pk": 5, "fields": {"content_type": 8, "object_id": 11, "liked_num": 0}}, {"model": "likes.likecount", "pk": 6, "fields": {"content_type": 8, "object_id": 10, "liked_num": 0}}, {"model": "likes.likecount", "pk": 7, "fields": {"content_type": 8, "object_id": 9, "liked_num": 0}}, {"model": "likes.likecount", "pk": 8, "fields": {"content_type": 8, "object_id": 8, "liked_num": 0}}, {"model": "likes.likecount", "pk": 9, "fields": {"content_type": 8, "object_id": 7, "liked_num": 0}}, {"model": "likes.likecount", "pk": 10, "fields": {"content_type": 8, "object_id": 6, "liked_num": 0}}, {"model": "likes.likecount", "pk": 11, "fields": {"content_type": 8, "object_id": 5, "liked_num": 0}}, {"model": "likes.likecount", "pk": 12, "fields": {"content_type": 8, "object_id": 4, "liked_num": 0}}, {"model": "likes.likecount", "pk": 13, "fields": {"content_type": 8, "object_id": 3, "liked_num": 0}}, {"model": "likes.likecount", "pk": 14, "fields": {"content_type": 8, "object_id": 2, "liked_num": 0}}, {"model": "likes.likecount", "pk": 15, "fields": {"content_type": 8, "object_id": 1, "liked_num": 0}}, {"model": "likes.likecount", "pk": 16, "fields": {"content_type": 12, "object_id": 24, "liked_num": 0}}, {"model": "likes.likecount", "pk": 17, "fields": {"content_type": 12, "object_id": 22, "liked_num": 1}}, {"model": "likes.likecount", "pk": 18, "fields": {"content_type": 12, "object_id": 23, "liked_num": 0}}, {"model": "likes.likecount", "pk": 19, "fields": {"content_type": 12, "object_id": 20, "liked_num": 1}}, {"model": "likes.likecount", "pk": 20, "fields": {"content_type": 12, "object_id": 21, "liked_num": 0}}, {"model": "likes.likecount", "pk": 21, "fields": {"content_type": 12, "object_id": 19, "liked_num": 1}}, {"model": "likes.likecount", "pk": 22, "fields": {"content_type": 12, "object_id": 17, "liked_num": 0}}, {"model": "likes.likecount", "pk": 23, "fields": {"content_type": 12, "object_id": 18, "liked_num": 0}}, {"model": "likes.likecount", "pk": 24, "fields": {"content_type": 12, "object_id": 15, "liked_num": 0}}, {"model": "likes.likecount", "pk": 25, "fields": {"content_type": 12, "object_id": 16, "liked_num": 0}}, {"model": "likes.likecount", "pk": 26, "fields": {"content_type": 12, "object_id": 13, "liked_num": 0}}, {"model": "likes.likecount", "pk": 27, "fields": {"content_type": 12, "object_id": 14, "liked_num": 0}}, {"model": "likes.likecount", "pk": 28, "fields": {"content_type": 12, "object_id": 26, "liked_num": 0}}, {"model": "likes.likecount", "pk": 29, "fields": {"content_type": 12, "object_id": 25, "liked_num": 0}}, {"model": "likes.likecount", "pk": 30, "fields": {"content_type": 12, "object_id": 27, "liked_num": 0}}, {"model": "likes.likecount", "pk": 31, "fields": {"content_type": 12, "object_id": 28, "liked_num": 0}}, {"model": "likes.likecount", "pk": 32, "fields": {"content_type": 12, "object_id": 29, "liked_num": 0}}, {"model": "likes.likecount", "pk": 33, "fields": {"content_type": 12, "object_id": 33, "liked_num": 0}}, {"model": "likes.likecount", "pk": 34, "fields": {"content_type": 12, "object_id": 34, "liked_num": 0}}, {"model": "likes.likecount", "pk": 35, "fields": {"content_type": 12, "object_id": 32, "liked_num": 0}}, {"model": "likes.likecount", "pk": 36, "fields": {"content_type": 12, "object_id": 31, "liked_num": 0}}, {"model": "likes.likecount", "pk": 37, "fields": {"content_type": 12, "object_id": 30, "liked_num": 0}}, {"model": "likes.likecount", "pk": 38, "fields": {"content_type": 12, "object_id": 7, "liked_num": 0}}, {"model": "likes.likecount", "pk": 39, "fields": {"content_type": 12, "object_id": 8, "liked_num": 0}}, {"model": "likes.likecount", "pk": 40, "fields": {"content_type": 12, "object_id": 9, "liked_num": 0}}, {"model": "likes.likecount", "pk": 41, "fields": {"content_type": 12, "object_id": 10, "liked_num": 0}}, {"model": "likes.likecount", "pk": 42, "fields": {"content_type": 12, "object_id": 11, "liked_num": 0}}, {"model": "likes.likecount", "pk": 43, "fields": {"content_type": 12, "object_id": 12, "liked_num": 0}}, {"model": "likes.likecount", "pk": 44, "fields": {"content_type": 12, "object_id": 6, "liked_num": 0}}, {"model": "likes.likecount", "pk": 45, "fields": {"content_type": 12, "object_id": 5, "liked_num": 0}}, {"model": "likes.likecount", "pk": 46, "fields": {"content_type": 12, "object_id": 4, "liked_num": 0}}, {"model": "likes.likecount", "pk": 47, "fields": {"content_type": 12, "object_id": 3, "liked_num": 0}}, {"model": "likes.likecount", "pk": 48, "fields": {"content_type": 12, "object_id": 1, "liked_num": 0}}, {"model": "likes.likecount", "pk": 49, "fields": {"content_type": 12, "object_id": 2, "liked_num": 0}}, {"model": "likes.likecount", "pk": 50, "fields": {"content_type": 12, "object_id": 35, "liked_num": 0}}, {"model": "likes.likecount", "pk": 51, "fields": {"content_type": 12, "object_id": 37, "liked_num": 0}}, {"model": "likes.likecount", "pk": 52, "fields": {"content_type": 8, "object_id": 16, "liked_num": 0}}, {"model": "auth.permission", "pk": 1, "fields": {"name": "Can add log entry", "content_type": 1, "codename": "add_logentry"}}, {"model": "auth.permission", "pk": 2, "fields": {"name": "Can change log entry", "content_type": 1, "codename": "change_logentry"}}, {"model": "auth.permission", "pk": 3, "fields": {"name": "Can delete log entry", "content_type": 1, "codename": "delete_logentry"}}, {"model": "auth.permission", "pk": 4, "fields": {"name": "Can add permission", "content_type": 2, "codename": "add_permission"}}, {"model": "auth.permission", "pk": 5, "fields": {"name": "Can change permission", "content_type": 2, "codename": "change_permission"}}, {"model": "auth.permission", "pk": 6, "fields": {"name": "Can delete permission", "content_type": 2, "codename": "delete_permission"}}, {"model": "auth.permission", "pk": 7, "fields": {"name": "Can add group", "content_type": 3, "codename": "add_group"}}, {"model": "auth.permission", "pk": 8, "fields": {"name": "Can change group", "content_type": 3, "codename": "change_group"}}, {"model": "auth.permission", "pk": 9, "fields": {"name": "Can delete group", "content_type": 3, "codename": "delete_group"}}, {"model": "auth.permission", "pk": 10, "fields": {"name": "Can add user", "content_type": 4, "codename": "add_user"}}, {"model": "auth.permission", "pk": 11, "fields": {"name": "Can change user", "content_type": 4, "codename": "change_user"}}, {"model": "auth.permission", "pk": 12, "fields": {"name": "Can delete user", "content_type": 4, "codename": "delete_user"}}, {"model": "auth.permission", "pk": 13, "fields": {"name": "Can add content type", "content_type": 5, "codename": "add_contenttype"}}, {"model": "auth.permission", "pk": 14, "fields": {"name": "Can change content type", "content_type": 5, "codename": "change_contenttype"}}, {"model": "auth.permission", "pk": 15, "fields": {"name": "Can delete content type", "content_type": 5, "codename": "delete_contenttype"}}, {"model": "auth.permission", "pk": 16, "fields": {"name": "Can add session", "content_type": 6, "codename": "add_session"}}, {"model": "auth.permission", "pk": 17, "fields": {"name": "Can change session", "content_type": 6, "codename": "change_session"}}, {"model": "auth.permission", "pk": 18, "fields": {"name": "Can delete session", "content_type": 6, "codename": "delete_session"}}, {"model": "auth.permission", "pk": 19, "fields": {"name": "Can add blog type", "content_type": 7, "codename": "add_blogtype"}}, {"model": "auth.permission", "pk": 20, "fields": {"name": "Can change blog type", "content_type": 7, "codename": "change_blogtype"}}, {"model": "auth.permission", "pk": 21, "fields": {"name": "Can delete blog type", "content_type": 7, "codename": "delete_blogtype"}}, {"model": "auth.permission", "pk": 22, "fields": {"name": "Can add blog", "content_type": 8, "codename": "add_blog"}}, {"model": "auth.permission", "pk": 23, "fields": {"name": "Can change blog", "content_type": 8, "codename": "change_blog"}}, {"model": "auth.permission", "pk": 24, "fields": {"name": "Can delete blog", "content_type": 8, "codename": "delete_blog"}}, {"model": "auth.permission", "pk": 25, "fields": {"name": "Can add read num", "content_type": 9, "codename": "add_readnum"}}, {"model": "auth.permission", "pk": 26, "fields": {"name": "Can change read num", "content_type": 9, "codename": "change_readnum"}}, {"model": "auth.permission", "pk": 27, "fields": {"name": "Can delete read num", "content_type": 9, "codename": "delete_readnum"}}, {"model": "auth.permission", "pk": 28, "fields": {"name": "Can add read num", "content_type": 10, "codename": "add_readnum"}}, {"model": "auth.permission", "pk": 29, "fields": {"name": "Can change read num", "content_type": 10, "codename": "change_readnum"}}, {"model": "auth.permission", "pk": 30, "fields": {"name": "Can delete read num", "content_type": 10, "codename": "delete_readnum"}}, {"model": "auth.permission", "pk": 31, "fields": {"name": "Can add read detail", "content_type": 11, "codename": "add_readdetail"}}, {"model": "auth.permission", "pk": 32, "fields": {"name": "Can change read detail", "content_type": 11, "codename": "change_readdetail"}}, {"model": "auth.permission", "pk": 33, "fields": {"name": "Can delete read detail", "content_type": 11, "codename": "delete_readdetail"}}, {"model": "auth.permission", "pk": 34, "fields": {"name": "Can add comment", "content_type": 12, "codename": "add_comment"}}, {"model": "auth.permission", "pk": 35, "fields": {"name": "Can change comment", "content_type": 12, "codename": "change_comment"}}, {"model": "auth.permission", "pk": 36, "fields": {"name": "Can delete comment", "content_type": 12, "codename": "delete_comment"}}, {"model": "auth.permission", "pk": 37, "fields": {"name": "Can add reply", "content_type": 13, "codename": "add_reply"}}, {"model": "auth.permission", "pk": 38, "fields": {"name": "Can change reply", "content_type": 13, "codename": "change_reply"}}, {"model": "auth.permission", "pk": 39, "fields": {"name": "Can delete reply", "content_type": 13, "codename": "delete_reply"}}, {"model": "auth.permission", "pk": 40, "fields": {"name": "Can add like count", "content_type": 14, "codename": "add_likecount"}}, {"model": "auth.permission", "pk": 41, "fields": {"name": "Can change like count", "content_type": 14, "codename": "change_likecount"}}, {"model": "auth.permission", "pk": 42, "fields": {"name": "Can delete like count", "content_type": 14, "codename": "delete_likecount"}}, {"model": "auth.permission", "pk": 43, "fields": {"name": "Can add like record", "content_type": 15, "codename": "add_likerecord"}}, {"model": "auth.permission", "pk": 44, "fields": {"name": "Can change like record", "content_type": 15, "codename": "change_likerecord"}}, {"model": "auth.permission", "pk": 45, "fields": {"name": "Can delete like record", "content_type": 15, "codename": "delete_likerecord"}}, {"model": "auth.permission", "pk": 46, "fields": {"name": "Can add profile", "content_type": 16, "codename": "add_profile"}}, {"model": "auth.permission", "pk": 47, "fields": {"name": "Can change profile", "content_type": 16, "codename": "change_profile"}}, {"model": "auth.permission", "pk": 48, "fields": {"name": "Can delete profile", "content_type": 16, "codename": "delete_profile"}}, {"model": "auth.user", "pk": 1, "fields": {"password": "pbkdf2_sha256$100000$SCx2eSNcKFMs$llqKmFvdVN8IZcr9I9/Z5aiRP3WgZLi6MQyzBvIIAVE=", "last_login": "2019-07-13T09:04:49.859Z", "is_superuser": true, "username": "allenc", "first_name": "", "last_name": "", "email": "1393623445@qq.com", "is_staff": true, "is_active": true, "date_joined": "2018-06-06T11:15:59.732Z", "groups": [], "user_permissions": []}}, {"model": "auth.user", "pk": 2, "fields": {"password": "pbkdf2_sha256$100000$g8lZx3XVCU60$hfabepkcVjAPRRE/bqNVHXLU1rfpN+ZUNRatexN9ih4=", "last_login": "2018-09-06T13:38:43.208Z", "is_superuser": false, "username": "123456", "first_name": "", "last_name": "", "email": "123456@qq.com", "is_staff": false, "is_active": true, "date_joined": "2018-06-24T06:38:52.920Z", "groups": [], "user_permissions": []}}, {"model": "blog.blog", "pk": 1, "fields": {"title": "\u6211\u7684\u7b2c\u4e00\u7bc7\u535a\u5ba2", "blog_type": 2, "content": "\u8bf6\u563f\uff0c\u523a\u4e0d\u523a\u6fc0\uff0c\u5144dei", "author": 1, "created_time": "2018-06-06T11:49:06.255Z", "last_updated_time": "2018-06-06T11:49:06.255Z"}}, {"model": "blog.blog", "pk": 2, "fields": {"title": "\u5f00\u9ed1\u5417", "blog_type": 2, "content": "\u6211\u4e9a\u7d22\u8d3c6\uff0c", "author": 1, "created_time": "2018-06-06T12:41:44.373Z", "last_updated_time": "2018-06-06T12:41:44.373Z"}}, {"model": "blog.blog", "pk": 3, "fields": {"title": "\u957f\u7684\u535a\u5ba2", "blog_type": 2, "content": "\u76ae\u76ae\u6d77\u76ae\u76ae\u6d77\u76ae\u76ae\u6d77\u76ae\u76ae\u6d77\u76ae\u76ae\u6d77\u76ae\u76ae\u6d77\u76ae\u76ae\u6d77\u76ae\u76ae\u6d77\u76ae\u76ae\u6d77\u76ae\u76ae\u6d77\u76ae\u76ae\u6d77\u76ae\u76ae\u6d77\u76ae\u76ae\u6d77\u76ae\u76ae\u6d77\u76ae\u76ae\u6d77\u76ae\u76ae\u6d77\u76ae\u76ae\u6d77\u76ae\u76ae\u6d77\u76ae\u76ae\u6d77\u76ae\u76ae\u6d77\u76ae\u76ae\u6d77\u76ae\u76ae\u6d77\u76ae\u76ae\u6d77\u76ae\u76ae\u6d77\u76ae\u76ae\u6d77\u76ae\u76ae\u6d77\u76ae\u76ae\u6d77\u76ae\u76ae\u6d77\u76ae\u76ae\u6d77\u76ae\u76ae\u6d77\u76ae\u76ae\u6d77\u76ae\u76ae\u6d77\u76ae\u76ae\u6d77\u76ae\u76ae\u6d77\u76ae\u76ae\u6d77\u76ae\u76ae\u6d77\u76ae\u76ae\u6d77\u76ae\u76ae\u6d77\u76ae\u76ae\u6d77\u76ae\u76ae\u6d77\u76ae\u76ae\u6d77\u76ae\u76ae\u6d77\u76ae\u76ae\u6d77\u76ae\u76ae\u6d77\u76ae\u76ae\u6d77\u76ae\u76ae\u6d77\u76ae\u76ae\u6d77\u76ae\u76ae\u6d77\u76ae\u76ae\u6d77\u76ae\u76ae\u6d77\u76ae\u76ae\u6d77\u76ae\u76ae\u6d77\u76ae\u76ae\u6d77\u76ae\u76ae\u6d77\u76ae\u76ae\u6d77\u76ae\u76ae\u6d77\u76ae\u76ae\u6d77\u76ae\u76ae\u6d77\u76ae\u76ae\u6d77\u76ae\u76ae\u6d77\u76ae\u76ae\u6d77\u76ae\u76ae\u6d77\u76ae\u76ae\u6d77\u76ae\u76ae\u6d77\u76ae\u76ae\u6d77\u76ae\u76ae\u6d77\u76ae\u76ae\u6d77\u76ae\u76ae\u6d77\u76ae\u76ae\u6d77\u76ae\u76ae\u6d77\u76ae\u76ae\u6d77\u76ae\u76ae\u6d77\u76ae\u76ae\u6d77\u76ae\u76ae\u6d77\u76ae\u76ae\u6d77\u76ae\u76ae\u6d77\u76ae\u76ae\u6d77\u76ae\u76ae\u6d77\u76ae\u76ae\u6d77\u76ae\u76ae\u6d77\u76ae\u76ae\u6d77\u76ae\u76ae\u6d77\u76ae\u76ae\u6d77\u76ae\u76ae\u6d77\u76ae\u76ae\u6d77\u76ae\u76ae\u6d77\u76ae\u76ae\u6d77\u76ae\u76ae\u6d77\u76ae\u76ae\u6d77\u76ae\u76ae\u6d77\u76ae\u76ae\u6d77\u76ae\u76ae\u6d77\u76ae\u76ae\u6d77\u76ae\u76ae\u6d77\u76ae\u76ae\u6d77\u76ae\u76ae\u6d77\u76ae\u76ae\u6d77\u76ae\u76ae\u6d77\u76ae\u76ae\u6d77\u76ae\u76ae\u6d77\u76ae\u76ae\u6d77\u76ae\u76ae\u6d77\u76ae\u76ae\u6d77\u76ae\u76ae\u6d77\u76ae\u76ae\u6d77\u76ae\u76ae\u6d77\u76ae\u76ae\u6d77\u76ae\u76ae\u6d77\u76ae\u76ae\u6d77\u76ae\u76ae\u6d77\u76ae\u76ae\u6d77\u76ae\u76ae\u6d77\u76ae\u76ae\u6d77\u76ae\u76ae\u6d77\u76ae\u76ae\u6d77\u76ae\u76ae\u6d77\u76ae\u76ae\u6d77\u76ae\u76ae\u6d77\u76ae\u76ae\u6d77\u76ae\u76ae\u6d77\u76ae\u76ae\u6d77\u76ae\u76ae\u6d77\u76ae\u76ae\u6d77\u76ae\u76ae\u6d77\u76ae\u76ae\u6d77\u76ae\u76ae\u6d77\u76ae\u76ae\u6d77\u76ae\u76ae\u6d77\u76ae\u76ae\u6d77\u76ae\u76ae\u6d77\u76ae\u76ae\u6d77\u76ae\u76ae\u6d77\u76ae\u76ae\u6d77\u76ae\u76ae\u6d77\u76ae\u76ae\u6d77\u76ae\u76ae\u6d77\u76ae\u76ae\u6d77\u76ae\u76ae\u6d77\u76ae\u76ae\u6d77\u76ae\u76ae\u6d77\u76ae\u76ae\u6d77\u76ae\u76ae\u6d77\u76ae\u76ae\u6d77\u76ae\u76ae\u6d77\u76ae\u76ae\u6d77\u76ae\u76ae\u6d77\u76ae\u76ae\u6d77\u76ae\u76ae\u6d77\u76ae\u76ae\u6d77\u76ae\u76ae\u6d77\u76ae\u76ae\u6d77\u76ae\u76ae\u6d77\u76ae\u76ae\u6d77\u76ae\u76ae\u6d77\u76ae\u76ae\u6d77\u76ae\u76ae\u6d77\u76ae\u76ae\u6d77\u76ae\u76ae\u6d77\u76ae\u76ae\u6d77\u76ae\u76ae\u6d77\u76ae\u76ae\u6d77\u76ae\u76ae\u6d77\u76ae\u76ae\u6d77\u76ae\u76ae\u6d77\u76ae\u76ae\u6d77\u76ae\u76ae\u6d77\u76ae\u76ae\u6d77\u76ae\u76ae\u6d77\u76ae\u76ae\u6d77\u76ae\u76ae\u6d77\u76ae\u76ae\u6d77\u76ae\u76ae\u6d77\u76ae\u76ae\u6d77\u76ae\u76ae\u6d77\u76ae\u76ae\u6d77\u76ae\u76ae\u6d77\u76ae\u76ae\u6d77\u76ae\u76ae\u6d77\u76ae\u76ae\u6d77\u76ae\u76ae\u6d77\u76ae\u76ae\u6d77\u76ae\u76ae\u6d77\u76ae\u76ae\u6d77\u76ae\u76ae\u6d77\u76ae\u76ae\u6d77\u76ae\u76ae\u6d77\u76ae\u76ae\u6d77\u76ae\u76ae\u6d77\u76ae\u76ae\u6d77\u76ae\u76ae\u6d77\u76ae\u76ae\u6d77\u76ae\u76ae\u6d77\u76ae\u76ae\u6d77\u76ae\u76ae\u6d77\u76ae\u76ae\u6d77\u76ae\u76ae\u6d77\u76ae\u76ae\u6d77\u76ae\u76ae\u6d77\u76ae\u76ae\u6d77\u76ae\u76ae\u6d77\u76ae\u76ae\u6d77\u76ae\u76ae\u6d77\u76ae\u76ae\u6d77\u76ae\u76ae\u6d77\u76ae\u76ae\u6d77\u76ae\u76ae\u6d77\u76ae\u76ae\u6d77\u76ae\u76ae\u6d77\u76ae\u76ae\u6d77\u76ae\u76ae\u6d77\u76ae\u76ae\u6d77\u76ae\u76ae\u6d77\u76ae\u76ae\u6d77\u76ae\u76ae\u6d77\u76ae\u76ae\u6d77\u76ae\u76ae\u6d77\u76ae\u76ae\u6d77\u76ae\u76ae\u6d77\u76ae\u76ae\u6d77\u76ae\u76ae\u6d77\u76ae\u76ae\u6d77\u76ae\u76ae\u6d77\u76ae\u76ae\u6d77\u76ae\u76ae\u6d77\u76ae\u76ae\u6d77\u76ae\u76ae\u6d77\u76ae\u76ae\u6d77\u76ae\u76ae\u6d77\u76ae\u76ae\u6d77\u76ae\u76ae\u6d77\u76ae\u76ae\u6d77\u76ae\u76ae\u6d77\u76ae\u76ae\u6d77\u76ae\u76ae\u6d77\u76ae\u76ae\u6d77\u76ae\u76ae\u6d77\u76ae\u76ae\u6d77\u76ae\u76ae\u6d77\u76ae\u76ae\u6d77\u76ae\u76ae\u6d77\u76ae\u76ae\u6d77\u76ae\u76ae\u6d77\u76ae\u76ae\u6d77\u76ae\u76ae\u6d77\u76ae\u76ae\u6d77\u76ae\u76ae\u6d77\u76ae\u76ae\u6d77\u76ae\u76ae\u6d77\u76ae\u76ae\u6d77\u76ae\u76ae\u6d77\u76ae\u76ae\u6d77\u76ae\u76ae\u6d77\u76ae\u76ae\u6d77\u76ae\u76ae\u6d77\u76ae\u76ae\u6d77\u76ae\u76ae\u6d77\u76ae\u76ae\u6d77\u76ae\u76ae\u6d77\u76ae\u76ae\u6d77\u76ae\u76ae\u6d77\u76ae\u76ae\u6d77\u76ae\u76ae\u6d77\u76ae\u76ae\u6d77\u76ae\u76ae\u6d77\u76ae\u76ae\u6d77\u76ae\u76ae\u6d77\u76ae\u76ae\u6d77\u76ae\u76ae\u6d77\u76ae\u76ae\u6d77\u76ae\u76ae\u6d77\u76ae\u76ae\u6d77\u76ae\u76ae\u6d77\u76ae\u76ae\u6d77\u76ae\u76ae\u6d77\u76ae\u76ae\u6d77\u76ae\u76ae\u6d77\u76ae\u76ae\u6d77\u76ae\u76ae\u6d77\u76ae\u76ae\u6d77\u76ae\u76ae\u6d77\u76ae\u76ae\u6d77\u76ae\u76ae\u6d77\u76ae\u76ae\u6d77\u76ae\u76ae\u6d77\u76ae\u76ae\u6d77\u76ae\u76ae\u6d77\u76ae\u76ae\u6d77\u76ae\u76ae\u6d77\u76ae\u76ae\u6d77\u76ae\u76ae\u6d77\u76ae\u76ae\u6d77\u76ae\u76ae\u6d77\u76ae\u76ae\u6d77\u76ae\u76ae\u6d77\u76ae\u76ae\u6d77\u76ae\u76ae\u6d77\u76ae\u76ae\u6d77\u76ae\u76ae\u6d77\u76ae\u76ae\u6d77\u76ae\u76ae\u6d77\u76ae\u76ae\u6d77\u76ae\u76ae\u6d77\u76ae\u76ae\u6d77\u76ae\u76ae\u6d77\u76ae\u76ae\u6d77\u76ae\u76ae\u6d77\u76ae\u76ae\u6d77\u76ae\u76ae\u6d77\u76ae\u76ae\u6d77\u76ae\u76ae\u6d77\u76ae\u76ae\u6d77\u76ae\u76ae\u6d77\u76ae\u76ae\u6d77\u76ae\u76ae\u6d77\u76ae\u76ae\u6d77\u76ae\u76ae\u6d77\u76ae\u76ae\u6d77\u76ae\u76ae\u6d77\u76ae\u76ae\u6d77\u76ae\u76ae\u6d77\u76ae\u76ae\u6d77\u76ae\u76ae\u6d77\u76ae\u76ae\u6d77\u76ae\u76ae\u6d77\u76ae\u76ae\u6d77\u76ae\u76ae\u6d77\u76ae\u76ae\u6d77\u76ae\u76ae\u6d77\u76ae\u76ae\u6d77\u76ae\u76ae\u6d77\u76ae\u76ae\u6d77\u76ae\u76ae\u6d77\u76ae\u76ae\u6d77\u76ae\u76ae\u6d77\u76ae\u76ae\u6d77\u76ae\u76ae\u6d77\u76ae\u76ae\u6d77\u76ae\u76ae\u6d77\u76ae\u76ae\u6d77\u76ae\u76ae\u6d77\u76ae\u76ae\u6d77\u76ae\u76ae\u6d77\u76ae\u76ae\u6d77\u76ae\u76ae\u6d77\u76ae\u76ae\u6d77\u76ae\u76ae\u6d77\u76ae\u76ae\u6d77\u76ae\u76ae\u6d77\u76ae\u76ae\u6d77\u76ae\u76ae\u6d77\u76ae\u76ae\u6d77\u76ae\u76ae\u6d77\u76ae\u76ae\u6d77\u76ae\u76ae\u6d77\u76ae\u76ae\u6d77\u76ae\u76ae\u6d77\u76ae\u76ae\u6d77\u76ae\u76ae\u6d77\u76ae\u76ae\u6d77\u76ae\u76ae\u6d77\u76ae\u76ae\u6d77\u76ae\u76ae\u6d77\u76ae\u76ae\u6d77\u76ae\u76ae\u6d77\u76ae\u76ae\u6d77\u76ae\u76ae\u6d77\u76ae\u76ae\u6d77\u76ae\u76ae\u6d77\u76ae\u76ae\u6d77\u76ae\u76ae\u6d77\u76ae\u76ae\u6d77\u76ae\u76ae\u6d77\u76ae\u76ae\u6d77\u76ae\u76ae\u6d77\u76ae\u76ae\u6d77\u76ae\u76ae\u6d77\u76ae\u76ae\u6d77\u76ae\u76ae\u6d77\u76ae\u76ae\u6d77\u76ae\u76ae\u6d77\u76ae\u76ae\u6d77\u76ae\u76ae\u6d77\u76ae\u76ae\u6d77\u76ae\u76ae\u6d77\u76ae\u76ae\u6d77\u76ae\u76ae\u6d77\u76ae\u76ae\u6d77\u76ae\u76ae\u6d77\u76ae\u76ae\u6d77\u76ae\u76ae\u6d77\u76ae\u76ae\u6d77\u76ae\u76ae\u6d77\u76ae\u76ae\u6d77\u76ae\u76ae\u6d77\u76ae\u76ae\u6d77\u76ae\u76ae\u6d77\u76ae\u76ae\u6d77\u76ae\u76ae\u6d77\u76ae\u76ae\u6d77", "author": 1, "created_time": "2018-06-06T12:51:22.312Z", "last_updated_time": "2018-06-06T12:51:22.312Z"}}, {"model": "blog.blog", "pk": 4, "fields": {"title": "\u4e0d\u540c\u7c7b\u578b", "blog_type": 3, "content": "\u6700\u7f8e\u7684\u4e0d\u8fc7\u4e0e\u4f60\u4e00\u8d77\u8eb2\u96e8\u7684\u5c4b\u6a90", "author": 1, "created_time": "2018-06-06T13:19:39.981Z", "last_updated_time": "2018-06-06T13:19:39.981Z"}}, {"model": "blog.blog", "pk": 5, "fields": {"title": "\u9752\u82b1\u74f7", "blog_type": 3, "content": "\u7d20\u80da\u52fe\u52d2\u51fa\u9752\u82b1\uff0c\u7b14\u950b\u6d53\u8f6c\u6de1", "author": 1, "created_time": "2018-06-06T13:20:57.879Z", "last_updated_time": "2018-06-06T13:20:57.879Z"}}, {"model": "blog.blog", "pk": 6, "fields": {"title": "\u3002\u3002\u3002\u3002", "blog_type": 1, "content": "\u5ff5\u6865\u8fb9\u7ea2\u836f\uff0c\u5e74\u5e74\u77e5\u4e3a\u8c01\u751f", "author": 1, "created_time": "2018-06-06T13:21:50.011Z", "last_updated_time": "2018-06-07T05:51:50.912Z"}}, {"model": "blog.blog", "pk": 7, "fields": {"title": "\u6ed5\u738b\u9601\u5e8f", "blog_type": 2, "content": "\u8c6b\u7ae0\u6545\u90e1\uff0c\u6d2a\u90fd\u65b0\u5e9c\u3002\u661f\u5206\u7ffc\u8f78\uff0c\u5730\u63a5\u8861\u5e90\u3002\r\n\u895f\u4e09\u6c5f\u800c\u5e26\u4e94\u6e56\uff0c\u63a7\u86ee\u8346\u800c\u5f15\u74ef\u8d8a\u3002\u7269\u534e\u5929\u5b9d\uff0c\u9f99\u5149\u5c04\u725b\u6597\u4e4b\u589f\uff1b\r\n\u4eba\u6770\u5730\u7075\uff0c\u5f90\u5b7a\u4e0b\u9648\u8543\u4e4b\u69bb\u3002\u96c4\u5dde\u96fe\u5217\uff0c\u4fca\u91c7\u661f\u9a70\u3002\r\n\u53f0\u968d\u6795\u5937\u590f\u4e4b\u4ea4\uff0c\u5bbe\u4e3b\u5c3d\u4e1c\u5357\u4e4b\u7f8e\u3002\u90fd\u7763\u960e\u516c\u4e4b\u96c5\u671b\uff0c\u68e8\u621f\u9065\u4e34\uff1b\r\n\u5b87\u6587\u65b0\u5dde\u4e4b\u61ff\u8303\uff0c\u895c\u5e37\u6682\u9a7b\u3002\u5341\u65ec\u4f11\u5047\uff0c\u80dc\u53cb\u5982\u4e91\uff1b\r\n\u5343\u91cc\u9022\u8fce\uff0c\u9ad8\u670b\u6ee1\u5ea7\u3002\u817e\u86df\u8d77\u51e4\uff0c\u5b5f\u5b66\u58eb\u4e4b\u8bcd\u5b97\uff1b\r\n\u7d2b\u7535\u9752\u971c\uff0c\u738b\u5c06\u519b\u4e4b\u6b66\u5e93\u3002\u5bb6\u541b\u4f5c\u5bb0\uff0c\u8def\u51fa\u540d\u533a\uff1b\r\n\u7ae5\u5b50\u4f55\u77e5\uff0c\u8eac\u9022\u80dc\u996f\u3002\u65f6\u7ef4\u4e5d\u6708\uff0c\u5e8f\u5c5e\u4e09\u79cb\u3002\r\n\u6f66\u6c34\u5c3d\u800c\u5bd2\u6f6d\u6e05\uff0c\u70df\u5149\u51dd\u800c\u66ae\u5c71\u7d2b\u3002\u4fe8\u9a96\u9a11\u4e8e\u4e0a\u8def\uff0c\u8bbf\u98ce\u666f\u4e8e\u5d07\u963f\uff1b\r\n\u4e34\u5e1d\u5b50\u4e4b\u957f\u6d32\uff0c\u5f97\u5929\u4eba\u4e4b\u65e7\u9986\u3002\u5c42\u5ce6\u8038\u7fe0\uff0c\u4e0a\u51fa\u91cd\u9704\uff1b\r\n\u98de\u9601\u6d41\u4e39\uff0c\u4e0b\u4e34\u65e0\u5730\u3002\u9e64\u6c40\u51eb\u6e1a\uff0c\u7a77\u5c9b\u5c7f\u4e4b\u8426\u56de\uff1b\r\n\u6842\u6bbf\u5170\u5bab\uff0c\u5373\u5188\u5ce6\u4e4b\u4f53\u52bf\u3002\u62ab\u7ee3\u95fc\uff0c\u4fef\u96d5\u750d\uff0c\r\n\u5c71\u539f\u65f7\u5176\u76c8\u89c6\uff0c\u5ddd\u6cfd\u7ea1\u5176\u9a87\u77a9\u3002\u95fe\u960e\u6251\u5730\uff0c\u949f\u9e23\u9f0e\u98df\u4e4b\u5bb6\uff1b\r\n\u8238\u8230\u8ff7\u6d25\uff0c\u9752\u96c0\u9ec4\u9f99\u4e4b\u8233\u3002\u4e91\u9500\u96e8\u9701\uff0c\u5f69\u5f7b\u533a\u660e\u3002\r\n\u843d\u971e\u4e0e\u5b64\u9e5c\u9f50\u98de\uff0c\u79cb\u6c34\u5171\u957f\u5929\u4e00\u8272\u3002\u6e14\u821f\u5531\u665a\uff0c\u54cd\u7a77\u5f6d\u8821\u4e4b\u6ee8\uff1b\r\n\u96c1\u9635\u60ca\u5bd2\uff0c\u58f0\u65ad\u8861\u9633\u4e4b\u6d66\u3002\u9065\u895f\u752b\u7545\uff0c\u9038\u5174\u9044\u98de\u3002\r\n\u723d\u7c41\u53d1\u800c\u6e05\u98ce\u751f\uff0c\u7ea4\u6b4c\u51dd\u800c\u767d\u4e91\u904f\u3002\u7762\u56ed\u7eff\u7af9\uff0c\u6c14\u51cc\u5f6d\u6cfd\u4e4b\u6a3d\uff1b\r\n\u90ba\u6c34\u6731\u534e\uff0c\u5149\u7167\u4e34\u5ddd\u4e4b\u7b14\u3002\u56db\u7f8e\u5177\uff0c\u4e8c\u96be\u5e76\u3002\r\n\u7a77\u7747\u7704\u4e8e\u4e2d\u5929\uff0c\u6781\u5a31\u6e38\u4e8e\u6687\u65e5\u3002\u5929\u9ad8\u5730\u8fe5\uff0c\u89c9\u5b87\u5b99\u4e4b\u65e0\u7a77\uff1b\r\n\u5174\u5c3d\u60b2\u6765\uff0c\u8bc6\u76c8\u865a\u4e4b\u6709\u6570\u3002\u671b\u957f\u5b89\u4e8e\u65e5\u4e0b\uff0c\u76ee\u5434\u4f1a\u4e8e\u4e91\u95f4\u3002\r\n\u5730\u52bf\u6781\u800c\u5357\u6e9f\u6df1\uff0c\u5929\u67f1\u9ad8\u800c\u5317\u8fb0\u8fdc\u3002\u5173\u5c71\u96be\u8d8a\uff0c\u8c01\u60b2\u5931\u8def\u4e4b\u4eba\uff1f\r\n\u840d\u6c34\u76f8\u9022\uff0c\u5c3d\u662f\u4ed6\u4e61\u4e4b\u5ba2\u3002\u6000\u5e1d\u960d\u800c\u4e0d\u89c1\uff0c\u5949\u5ba3\u5ba4\u4ee5\u4f55\u5e74\uff1f\r\n\u55df\u4e4e\uff01\u65f6\u8fd0\u4e0d\u9f50\uff0c\u547d\u9014\u591a\u821b\u3002\u51af\u5510\u6613\u8001\uff0c\r\n\u674e\u5e7f\u96be\u5c01\u3002\u5c48\u8d3e\u8c0a\u4e8e\u957f\u6c99\uff0c\u975e\u65e0\u5723\u4e3b\uff1b\u7a9c\u6881\u9e3f\u4e8e\u6d77\u66f2\uff0c\r\n\u5c82\u4e4f\u660e\u65f6\uff1f\u6240\u8d56\u541b\u5b50\u89c1\u673a\uff0c\u8fbe\u4eba\u77e5\u547d\u3002\u8001\u5f53\u76ca\u58ee\uff0c\r\n\u5b81\u79fb\u767d\u9996\u4e4b\u5fc3\uff1f\u7a77\u4e14\u76ca\u575a\uff0c\u4e0d\u5760\u9752\u4e91\u4e4b\u5fd7\u3002\u914c\u8d2a\u6cc9\u800c\u89c9\u723d\uff0c\r\n\u5904\u6db8\u8f99\u4ee5\u72b9\u6b22\u3002\u5317\u6d77\u867d\u8d4a\uff0c\u6276\u6447\u53ef\u63a5\uff1b\u4e1c\u9685\u5df2\u901d\uff0c\r\n\u6851\u6986\u975e\u665a\u3002\u5b5f\u5c1d\u9ad8\u6d01\uff0c\u7a7a\u4f59\u62a5\u56fd\u4e4b\u60c5\uff1b\u962e\u7c4d\u7316\u72c2\uff0c\r\n\u5c82\u6548\u7a77\u9014\u4e4b\u54ed\uff01\u52c3\uff0c\u4e09\u5c3a\u5fae\u547d\uff0c\u4e00\u4ecb\u4e66\u751f\u3002\r\n\u65e0\u8def\u8bf7\u7f28\uff0c\u7b49\u7ec8\u519b\u4e4b\u5f31\u51a0\uff1b\u6709\u6000\u6295\u7b14\uff0c\u6155\u5b97\u60ab\u4e4b\u957f\u98ce\u3002\r\n\u820d\u7c2a\u7b0f\u4e8e\u767e\u9f84\uff0c\u5949\u6668\u660f\u4e8e\u4e07\u91cc\u3002\u975e\u8c22\u5bb6\u4e4b\u5b9d\u6811\uff0c\u63a5\u5b5f\u6c0f\u4e4b\u82b3\u90bb\u3002\r\n\u4ed6\u65e5\u8d8b\u5ead\uff0c\u53e8\u966a\u9ca4\u5bf9\uff1b\u4eca\u5179\u6367\u8882\uff0c\u559c\u6258\u9f99\u95e8\u3002\r\n\u6768\u610f\u4e0d\u9022\uff0c\u629a\u51cc\u4e91\u800c\u81ea\u60dc\uff1b\u949f\u671f\u65e2\u9047\uff0c\u594f\u6d41\u6c34\u4ee5\u4f55\u60ed\uff1f\r\n\u545c\u4e4e\uff01\u80dc\u5730\u4e0d\u5e38\uff0c\u76db\u7b75\u96be\u518d\uff1b\u5170\u4ead\u5df2\u77e3\uff0c\r\n\u6893\u6cfd\u4e18\u589f\u3002\u4e34\u522b\u8d60\u8a00\uff0c\u5e78\u627f\u6069\u4e8e\u4f1f\u996f\uff1b\u767b\u9ad8\u4f5c\u8d4b\uff0c\r\n\u662f\u6240\u671b\u4e8e\u7fa4\u516c\u3002\u6562\u7aed\u9119\u6000\uff0c\u606d\u758f\u77ed\u5f15\uff1b\u4e00\u8a00\u5747\u8d4b\uff0c\r\n\u56db\u97f5\u4ff1\u6210\u3002\u8bf7\u6d12\u6f58\u6c5f\uff0c\u5404\u503e\u9646\u6d77\u4e91\u5c14\uff1a\u6ed5\u738b\u9ad8\u9601\u4e34\u6c5f\u6e1a\uff0c\r\n\u4f69\u7389\u9e23\u9e3e\u7f62\u6b4c\u821e\u3002\u753b\u680b\u671d\u98de\u5357\u6d66\u4e91\uff0c\u73e0\u5e18\u66ae\u5377\u897f\u5c71\u96e8\u3002\u95f2\u4e91\u6f6d\u5f71\u65e5\u60a0\u60a0\uff0c\r\n\u7269\u6362\u661f\u79fb\u51e0\u5ea6\u79cb\u3002\u9601\u4e2d\u5e1d\u5b50\u4eca\u4f55\u5728\uff1f\u69db\u5916\u957f\u6c5f\u7a7a\u81ea\u6d41", "author": 1, "created_time": "2018-06-07T05:52:42.870Z", "last_updated_time": "2018-06-07T05:52:42.870Z"}}, {"model": "blog.blog", "pk": 8, "fields": {"title": "\u4eff\u4f5b\u516e\u82e5\u8f7b\u4e91\u4e4b\u853d\u6708 \u98d8\u98d8\u516e\u82e5\u6d41\u98ce\u4e4b\u56de\u96ea", "blog_type": 3, "content": "\u8363\u8000\u5b58\u4e8e\u5fc3\uff0c\u800c\u975e\u6d41\u4e0e\u884c", "author": 1, "created_time": "2018-06-07T11:37:16.745Z", "last_updated_time": "2018-06-07T11:37:16.745Z"}}, {"model": "blog.blog", "pk": 9, "fields": {"title": "\u6c34\u7b14", "blog_type": 3, "content": "\u65e5\u4e1c\u6708\u897f\u516e\u5f92\u76f8\u671b\uff0c\u4e0d\u5f97\u76f8\u968f\u516e\u7a7a\u65ad\u80a0", "author": 1, "created_time": "2018-06-07T11:41:55.768Z", "last_updated_time": "2018-06-07T11:41:55.769Z"}}, {"model": "blog.blog", "pk": 10, "fields": {"title": "\u5929\u9752\u8272\u7b49\u70df\u96e8\uff0c\u800c\u6211\u5728\u7b49\u4f60", "blog_type": 3, "content": "\u591a\u5c11\u4eba\u5982\u4f60\u6211\u66fe\u767e\u5e74\u5e73\u5eb8", "author": 1, "created_time": "2018-06-08T03:20:48.033Z", "last_updated_time": "2018-06-12T03:48:03.645Z"}}, {"model": "blog.blog", "pk": 11, "fields": {"title": "\u5bcc\u6587\u672c\u56fe\u50cf\u4e0a\u4f20\u6d4b\u8bd5", "blog_type": 2, "content": "<h1>\u5bcc\u6587\u672c\u56fe\u50cf\u4e0a\u4f20\u6d4b\u8bd5</h1>\r\n\r\n<h1><img alt=\"\" src=\"/media/upload/2018/06/10/01.png\" style=\"height:175px; width:176px\" /><img alt=\"smiley\" src=\"http://10.110.75.28:8000/static/ckeditor/ckeditor/plugins/smiley/images/regular_smile.png\" style=\"height:23px; width:23px\" title=\"smiley\" />&trade;</h1>\r\n\r\n<p><u>\u54c8\u54c8</u></p>\r\n\r\n<p><span style=\"display:none\">&nbsp;</span><em>\u563b\u563b</em><span style=\"display:none\">&nbsp;</span></p>\r\n\r\n<p><span style=\"color:#e74c3c\">\u4f60\u597d\u554a</span></p>", "author": 1, "created_time": "2018-06-10T11:00:02.434Z", "last_updated_time": "2018-06-11T10:39:31.472Z"}}, {"model": "blog.blog", "pk": 12, "fields": {"title": "\u6212\u70df-\u674e\u8363\u6d69", "blog_type": 4, "content": "<hr />\r\n<h1>\u6212\u70df - \u674e\u8363\u6d69</h1>\r\n\r\n<p>\u8bcd\uff1a\u674e\u8363\u6d69</p>\r\n\r\n<p>\u66f2\uff1a\u674e\u8363\u6d69</p>\r\n\r\n<h3><strong>\u5df2\u7ecf\u4e3a\u4e86\u53d8\u7684\u66f4\u597d\u53bb\u6389\u950b\u8292</strong></h3>\r\n\r\n<h3><strong>\u4e00\u4e0d\u5c0f\u5fc3\u6210\u4e86\u4f60\u7684\u503e\u8bc9\u5bf9\u8c61</strong></h3>\r\n\r\n<h3><strong>\u7535\u8bdd\u7ea6\u5728\u4ece\u524d\u7ea6\u4f1a\u7684\u5730\u65b9</strong></h3>\r\n\r\n<h3><strong>\u8981\u966a\u4f60\u5531\u6b4c\u5403\u996d\u6211\u7ed3\u8d26</strong></h3>\r\n\r\n<h3><strong>\u4fdd\u6301\u4f18\u826f\u4e60\u60ef</strong></h3>\r\n\r\n<h3><strong>\u4f60\u8bf4\u6700\u8fd1\u8fc7\u7684\u8fd8\u7b97\u5e78\u798f\u7f8e\u6ee1</strong></h3>\r\n\r\n<h3><strong>\u559d\u4e86\u51e0\u676f\u5531\u4e86\u51e0\u6bb5\u4f60\u5374\u54ed\u4e86</strong></h3>\r\n\r\n<h3><strong>\u60f3\u53bb\u5b89\u6170\u5374\u4e0d\u77e5\u4ec0\u4e48\u7acb\u573a</strong></h3>\r\n\r\n<h3><strong>\u542c\u4f60\u8bf4\u8bdd\u770b\u4f60\u54ed\u6e7f\u5934\u53d1</strong></h3>\r\n\r\n<h3><strong>\u6211\u5f97\u5230\u4e86\u60e9\u7f5a</strong></h3>\r\n\r\n<h3><strong>\u6212\u4e86\u70df\u6211\u4e0d\u4e60\u60ef</strong></h3>\r\n\r\n<h3><strong>\u6ca1\u6709\u4f60\u6211\u600e\u4e48\u529e</strong></h3>\r\n\r\n<h3><strong>\u4e09\u5e74\u96f6\u4e00\u4e2a\u793c\u62dc</strong></h3>\r\n\r\n<h3><strong>\u624d\u5b66\u4f1a\u600e\u4e48\u5fcd\u8010</strong></h3>\r\n\r\n<h3><strong>\u4f60\u7ed9\u8fc7\u6211\u7684\u4f24\u5bb3</strong></h3>\r\n\r\n<h3><strong>\u662f\u6ca1\u6709\u4e00\u53e5\u8d23\u602a</strong></h3>\r\n\r\n<h3><strong>\u6212\u4e86\u70df \u67d3\u4e0a\u60b2\u4f24</strong></h3>\r\n\r\n<h3><strong>\u6211\u4e5f\u4e0d\u60f3</strong></h3>\r\n\r\n<h3><strong>\u4f60\u8bf4\u6700\u8fd1\u8fc7\u7684\u8fd8\u7b97\u5e78\u798f\u7f8e\u6ee1</strong></h3>\r\n\r\n<h3><strong>\u559d\u4e86\u51e0\u676f\u5531\u4e86\u51e0\u6bb5\u4f60\u5374\u54ed\u4e86</strong></h3>\r\n\r\n<h3><strong>\u60f3\u53bb\u5b89\u6170\u5374\u4e0d\u77e5\u4ec0\u4e48\u7acb\u573a</strong></h3>\r\n\r\n<h3><strong>\u542c\u4f60\u8bf4\u8bdd\u770b\u4f60\u54ed\u6e7f\u5934\u53d1</strong></h3>\r\n\r\n<h3><strong>\u6211\u5f97\u5230\u4e86\u60e9\u7f5a</strong></h3>\r\n\r\n<h3><strong>\u6212\u4e86\u70df\u6211\u4e0d\u4e60\u60ef</strong></h3>\r\n\r\n<h3><strong>\u6ca1\u6709\u4f60\u6211\u600e\u4e48\u529e</strong></h3>\r\n\r\n<h3><strong>\u4e09\u5e74\u96f6\u4e00\u4e2a\u793c\u62dc</strong></h3>\r\n\r\n<h3><strong>\u624d\u5b66\u4f1a\u600e\u4e48\u5fcd\u8010</strong></h3>\r\n\r\n<h3><strong>\u4f60\u7ed9\u8fc7\u6211\u7684\u4f24\u5bb3</strong></h3>\r\n\r\n<h3><strong>\u662f\u6ca1\u6709\u4e00\u53e5\u8d23\u602a</strong></h3>\r\n\r\n<h3><strong>\u6212\u4e86\u70df \u67d3\u4e0a\u60b2\u4f24</strong></h3>\r\n\r\n<h3><strong>\u6211\u4e5f\u4e0d\u60f3</strong></h3>\r\n\r\n<h3><strong>\u6211\u4e5f\u4e0d\u60f3</strong></h3>\r\n\r\n<h3><strong>\u8c01\u4e5f\u4e0d\u60f3</strong></h3>\r\n\r\n<h3><strong>\u6212\u4e86\u70df\u6211\u4e0d\u4e60\u60ef</strong></h3>\r\n\r\n<h3><strong>\u6ca1\u6709\u4f60\u6211\u600e\u4e48\u529e</strong></h3>\r\n\r\n<h3><strong>\u4e09\u5e74\u96f6\u4e00\u4e2a\u793c\u62dc</strong></h3>\r\n\r\n<h3><strong>\u624d\u5b66\u4f1a\u600e\u4e48\u5fcd\u8010</strong></h3>\r\n\r\n<h3><strong>\u4f60\u7ed9\u8fc7\u6211\u7684\u4f24\u5bb3</strong></h3>\r\n\r\n<h3><strong>\u662f\u6ca1\u6709\u4e00\u53e5\u8d23\u602a</strong></h3>\r\n\r\n<h3><strong>\u6212\u4e86\u70df \u67d3\u4e0a\u60b2\u4f24</strong></h3>\r\n\r\n<h3><strong>\u6211\u4e5f\u4e0d\u60f3</strong></h3>\r\n\r\n<p><strong>&nbsp; &nbsp; &nbsp; &nbsp; &nbsp; &nbsp; &nbsp; &nbsp; &nbsp; &nbsp; &nbsp; &nbsp; &nbsp; &nbsp; &nbsp; &nbsp; &nbsp; &nbsp; &nbsp; &nbsp; &nbsp; &nbsp; &nbsp; &nbsp; &nbsp; &nbsp; &nbsp; &nbsp; &nbsp; &nbsp; &nbsp; &nbsp; &nbsp; &nbsp; &nbsp; &nbsp; &nbsp; &nbsp; &nbsp; &nbsp; &nbsp; &nbsp; &nbsp; &nbsp; &nbsp; &nbsp; &nbsp; &nbsp; &nbsp; &nbsp; &nbsp; &nbsp; &nbsp; &nbsp; &nbsp; &nbsp; &nbsp; &nbsp; &nbsp; &nbsp; &nbsp; &nbsp; &nbsp; &nbsp;&nbsp;</strong>--\u8c28\u4ee5\u6b64\u732e\u7ed9\u6d77\u54e5</p>\r\n\r\n<p>&nbsp;</p>", "author": 1, "created_time": "2018-06-11T09:21:24.162Z", "last_updated_time": "2018-06-13T13:18:19.507Z"}}, {"model": "blog.blog", "pk": 13, "fields": {"title": "\u5b81\u590f-\u6881\u9759\u8339", "blog_type": 4, "content": "<hr />\r\n<h1>\u5b81\u590f</h1>\r\n\r\n<p>\u6f14\u5531\uff1a\u6881\u9759\u8339</p>\r\n\r\n<h3><strong>\u5b81\u9759\u7684\u590f\u5929</strong></h3>\r\n\r\n<h3><strong>\u5929\u7a7a\u4e2d\u7e41\u661f\u70b9\u70b9</strong></h3>\r\n\r\n<h3><strong>\u5fc3\u91cc\u5934\u6709\u4e9b\u601d\u5ff5</strong></h3>\r\n\r\n<h3><strong>\u601d\u5ff5\u7740\u4f60\u7684\u8138</strong></h3>\r\n\r\n<h3><strong>\u6211\u53ef\u4ee5\u5047\u88c5\u770b\u4e0d\u89c1</strong></h3>\r\n\r\n<h3><strong>\u4e5f\u53ef\u4ee5\u5077\u5077\u7684\u60f3\u5ff5</strong></h3>\r\n\r\n<h3><strong>\u76f4\u5230\u8ba9\u6211\u6478\u5230\u4f60\u90a3\u6e29\u6696\u7684\u8138</strong></h3>\r\n\r\n<h3><strong>\u5b81\u9759\u7684\u590f\u5929</strong></h3>\r\n\r\n<h3><strong>\u5929\u7a7a\u4e2d\u7e41\u661f\u70b9\u70b9</strong></h3>\r\n\r\n<h3><strong>\u5fc3\u91cc\u5934\u6709\u4e9b\u601d\u5ff5</strong></h3>\r\n\r\n<h3><strong>\u601d\u5ff5\u7740\u4f60\u7684\u8138</strong></h3>\r\n\r\n<h3><strong>\u6211\u53ef\u4ee5\u5047\u88c5\u770b\u4e0d\u89c1</strong></h3>\r\n\r\n<h3><strong>\u4e5f\u53ef\u4ee5\u5077\u5077\u7684\u60f3\u5ff5</strong></h3>\r\n\r\n<h3><strong>\u76f4\u5230\u8ba9\u6211\u6478\u5230\u4f60\u90a3\u6e29\u6696\u7684\u8138</strong></h3>\r\n\r\n<h3><strong>\u77e5\u4e86\u4e5f\u7761\u4e86</strong></h3>\r\n\r\n<h3><strong>\u5b89\u5fc3\u7684\u7761\u4e86</strong></h3>\r\n\r\n<h3><strong>\u5728\u6211\u5fc3\u91cc\u9762 \u5b81\u9759\u7684\u590f\u5929</strong></h3>\r\n\r\n<h3><strong>\u77e5\u4e86\u4e5f\u7761\u4e86</strong></h3>\r\n\r\n<h3><strong>\u5b89\u5fc3\u7684\u7761\u4e86</strong></h3>\r\n\r\n<h3><strong>\u5728\u6211\u5fc3\u91cc\u9762 \u5b81\u9759\u7684\u590f\u5929</strong></h3>\r\n\r\n<h3><strong>\u5b81\u9759\u7684\u590f\u5929</strong></h3>\r\n\r\n<h3><strong>\u5929\u7a7a\u4e2d\u7e41\u661f\u70b9\u70b9</strong></h3>\r\n\r\n<h3><strong>\u5fc3\u91cc\u5934\u6709\u4e9b\u601d\u5ff5</strong></h3>\r\n\r\n<h3><strong>\u601d\u5ff5\u7740\u4f60\u7684\u8138</strong></h3>\r\n\r\n<h3><strong>\u6211\u53ef\u4ee5\u5047\u88c5\u770b\u4e0d\u89c1</strong></h3>\r\n\r\n<h3><strong>\u4e5f\u53ef\u4ee5\u5077\u5077\u7684\u60f3\u5ff5</strong></h3>\r\n\r\n<h3><strong>\u76f4\u5230\u8ba9\u6211\u6478\u5230\u4f60\u90a3\u6e29\u6696\u7684\u8138</strong></h3>\r\n\r\n<h3><strong>\u90a3\u662f\u4e2a\u5b81\u9759\u7684\u590f\u5929</strong></h3>\r\n\r\n<h3><strong>\u4f60\u6765\u5230\u5b81\u590f\u7684\u90a3\u4e00\u5929</strong></h3>\r\n\r\n<h3><strong>\u77e5\u4e86\u4e5f\u7761\u4e86</strong></h3>\r\n\r\n<h3><strong>\u5b89\u5fc3\u7684\u7761\u4e86</strong></h3>\r\n\r\n<h3><strong>\u5728\u6211\u5fc3\u91cc\u9762 \u5b81\u9759\u7684\u590f\u5929</strong></h3>\r\n\r\n<h3><strong>\u77e5\u4e86\u4e5f\u7761\u4e86</strong></h3>\r\n\r\n<h3><strong>\u5b89\u5fc3\u7684\u7761\u4e86</strong></h3>\r\n\r\n<h3><strong>\u5728\u6211\u5fc3\u91cc\u9762 \u5b81\u9759\u7684\u590f\u5929</strong></h3>\r\n\r\n<p><strong>&nbsp; &nbsp; &nbsp; &nbsp; &nbsp; &nbsp; &nbsp; &nbsp; &nbsp; &nbsp; &nbsp; &nbsp; &nbsp; &nbsp; &nbsp; &nbsp; &nbsp; &nbsp; &nbsp; &nbsp; &nbsp; &nbsp; &nbsp; &nbsp; &nbsp; &nbsp; &nbsp; &nbsp; &nbsp; &nbsp; &nbsp; &nbsp; &nbsp; &nbsp; &nbsp; &nbsp; &nbsp; &nbsp; &nbsp; &nbsp; &nbsp; &nbsp; &nbsp; &nbsp; &nbsp; &nbsp; &nbsp; &nbsp; &nbsp; &nbsp;</strong>--\u8c28\u4ee5\u6b64\u732e\u7ed9\u7ee7\u9896\u54e5\uff0c\u795d\u613f\u6709\u4e2a\u5b81\u9759\u7684\u590f\u5929</p>", "author": 1, "created_time": "2018-06-12T13:27:20.822Z", "last_updated_time": "2018-06-13T13:19:13.900Z"}}, {"model": "blog.blog", "pk": 14, "fields": {"title": "\u9f50\u5929-\u534e\u6668\u5b87", "blog_type": 4, "content": "<hr />\r\n<h1>\u9f50\u5929</h1>\r\n\r\n<p>\u7535\u5f71\u300a\u609f\u7a7a\u4f20\u300b\u4e3b\u9898\u66f2</p>\r\n\r\n<p>\u4f5c\u8bcd\uff1a\u4e01\u5f66\u96ea,\u4eca\u4f55\u5728,\u623f\u660a</p>\r\n\r\n<p>\u4f5c\u66f2\uff1a\u534e\u6668\u5b87</p>\r\n\r\n<p>\u6f14\u5531\uff1a\u534e\u6668\u5b87</p>\r\n\r\n<h3><strong>\u65e5\u548c\u6708\u5728\u91cd\u6f14</strong></h3>\r\n\r\n<h3><strong>\u8c01\u53f7\u4ee4\u9f50\u5929</strong></h3>\r\n\r\n<h3><strong>\u9f50\u5929\u65ad\u6069\u6028</strong></h3>\r\n\r\n<h3><strong>\u7231\u4e0e\u6068\u8fde\u6210\u7ebf</strong></h3>\r\n\r\n<h3><strong>\u9003\u4e0d\u51fa\u6307\u95f4</strong></h3>\r\n\r\n<h3><strong>\u6307\u95f4\u5929\u9ad8\u8fdc</strong></h3>\r\n\r\n<h3><strong>\u95ee\u4e00\u53e5\u751f\u6b7b\u56e0\u679c</strong></h3>\r\n\r\n<h3><strong>\u751f\u6211\u53c8\u662f\u4e3a\u4f55</strong></h3>\r\n\r\n<h3><strong>\u65e2\u5e26\u6211\u6765\u5982\u4f55\u4e0d\u89e3\u6211\u60d1</strong></h3>\r\n\r\n<h3><strong>\u9053\u4e00\u58f0\u7acb\u5730\u6210\u4f5b</strong></h3>\r\n\r\n<h3><strong>\u662f\u4e0d\u662f\u6210\u4e86\u4f5b\u4e16\u95f4\u4fbf\u6ca1\u4e86\u9b54</strong></h3>\r\n\r\n<h3><strong>\u8c01\u6765\u544a\u8bc9\u6211</strong></h3>\r\n\r\n<h3><strong>\u770b\u98ce\u6c99\u969c\u65e5\u5165\u76ee\u660f\u9ec4</strong></h3>\r\n\r\n<h3><strong>\u5929\u5bab\u4e4b\u4e0a</strong></h3>\r\n\r\n<h3><strong>\u90a3\u6708\u4eae\u548c\u82b1\u679c\u5c71\u4e0a\u4e5f\u6ca1\u4e24\u6837</strong></h3>\r\n\r\n<h3><strong>\u4e00\u6218\u529f\u6210\u540d\u626c\u6362\u6765\u5929\u7f57\u5730\u7f51</strong></h3>\r\n\r\n<h3><strong>\u4f60\u80dc\u4e4b\u4e0d\u6b66\u6211\u6697\u7bad\u96be\u9632</strong></h3>\r\n\r\n<h3><strong>\u4e0d\u58f0\u4e0d\u54cd\u9519\u8fc7\u591a\u5c11\u971e\u5149</strong></h3>\r\n\r\n<h3><strong>\u7ed3\u5c40\u548c\u771f\u76f8\u4e00\u6b65\u4e24\u6b65</strong></h3>\r\n\r\n<h3><strong>\u5f20\u671b\u4e0d\u5230\u524d\u65b9</strong></h3>\r\n\r\n<h3><strong>\u68a6\u91cc\u6843\u82b1\u9999</strong></h3>\r\n\r\n<h3><strong>\u591a\u5014\u5f3a\u5374\u62b5\u6297\u4e0d\u4e86\u4e00\u51fa\u53cc\u7c27</strong></h3>\r\n\r\n<h3><strong>\u9ed1\u767d\u771f\u76f8\u7b49\u5929\u4eae</strong></h3>\r\n\r\n<h3><strong>\u662f\u5426\u80fd\u4eb2\u7b14\u5199\u4e0a\u5929\u751f\u7684\u64c5\u957f</strong></h3>\r\n\r\n<h3><strong>\u4e09\u5c16\u4e24\u5203\u51fa\u9798</strong></h3>\r\n\r\n<h3><strong>\u9f99\u51e4\u584c\u9e92\u9e9f\u5012</strong></h3>\r\n\r\n<h3><strong>\u7389\u9636\u7eb7\u98de\u91d1\u7b8d\u6447</strong></h3>\r\n\r\n<h3><strong>\u518d\u65e0\u5c81\u6708\u53ef\u56de\u5934</strong></h3>\r\n\r\n<h3><strong>\u5343\u767e\u5e74\u5929\u5730\u95f4\u53ea\u5269\u4e0b\u8fd9\u4e00\u68d2</strong></h3>\r\n\r\n<h3><strong>\u80dc\u4ed7\u4e3a\u4f55\u5b64\u72ec\u6536\u573a</strong></h3>\r\n\r\n<h3><strong>\u68a6\u91cc\u98ce\u5728\u8bf4\u7740\u8c01</strong></h3>\r\n\r\n<h3><strong>\u6211\u4e00\u53e5\u627f\u8ba9\u504f\u4e0d\u8ba4\u8f93</strong></h3>\r\n\r\n<h3><strong>\u8e0f\u5e73\u5357\u5929\u610f\u51b3\u4f17\u6cb3\u5c71</strong></h3>\r\n\r\n<h3><strong>\u518d\u671b\u65ad\u5929\u6daf</strong></h3>\r\n\r\n<h3><strong>\u662f\u8c01\u8f7b\u72c2\u5e74\u5c11\u4e0d\u6789</strong></h3>\r\n\r\n<h3><strong>\u8c01\u7ed9\u6211\u4e2a\u4fe1\u4ef0</strong></h3>\r\n\r\n<h3><strong>\u6625\u672a\u4e86\u6708\u76f8\u7167</strong></h3>\r\n\r\n<h3><strong>\u6709\u5fc3\u6253\u6270</strong></h3>\r\n\r\n<h3><strong>\u53ef\u60dc\u98ce\u65e9\u76f8\u89c1\u4e0d\u5de7</strong></h3>\r\n\r\n<h3><strong>\u5929\u8272\u521a\u521a\u7834\u6653</strong></h3>\r\n\r\n<h3><strong>\u7d27\u7b8d\u8fd8\u6ca1\u505a\u597d</strong></h3>\r\n\r\n<h3><strong>\u6211\u8fd8\u80fd\u5fae\u7b11</strong></h3>\r\n\r\n<h3><strong>\u7231\u6068\u5fe7\u6016\u6210\u6ee1\u773c\u8ff7\u96fe</strong></h3>\r\n\r\n<h3><strong>\u5341\u4e07\u96f7\u9706\u8f70\u52a8\u4e7e\u5764</strong></h3>\r\n\r\n<h3><strong>\u5374\u4e0d\u80fd\u5c06\u6211\u7981\u9522</strong></h3>\r\n\r\n<h3><strong>\u767e\u4e07\u5929\u5175\u7eb5\u6a2a\u636d\u9616</strong></h3>\r\n\r\n<h3><strong>\u4e5f\u4f11\u60f3\u8ba9\u6211\u964d\u670d</strong></h3>\r\n\r\n<h3><strong>\u8fd9\u4e0d\u662f\u4f60\u80fd\u51b3\u5b9a\u7684\u80dc\u8d1f</strong></h3>\r\n\r\n<h3><strong>\u4e00\u68d2\u628a\u5929\u5bab\u95f9\u7ffb\u98a0\u8986</strong></h3>\r\n\r\n<h3><strong>\u4ec0\u4e48\u4eba\u547d\u5929\u5b9a\u6211\u8bf4\u5929\u547d\u7531\u5fc3</strong></h3>\r\n\r\n<h3><strong>\u6211\u8981\u8fd9\u5c71\u65ad\u4e0d\u4e86\u6765\u8def</strong></h3>\r\n\r\n<h3><strong>\u6211\u8981\u8fd9\u6c34\u6321\u4e0d\u4f4f\u5f52\u9014</strong></h3>\r\n\r\n<h3><strong>\u6211\u8981\u5929\u5730\u90fd\u4e3a\u6211\u8ba9\u6b65</strong></h3>\r\n\r\n<h3><strong>\u6211\u68d2\u5c16\u4e00\u70b9\u5c71\u5d29\u5730\u88c2</strong></h3>\r\n\r\n<h3><strong>\u4f60\u62c8\u82b1\u4e00\u7b11\u843d\u971e\u6ee1\u5929</strong></h3>\r\n\r\n<h3><strong>\u54ed\u8fc7\u7b11\u8fc7\u7231\u8fc7\u6068\u8fc7\u75f4\u8fc7\u55d4\u8fc7</strong></h3>\r\n\r\n<h3><strong>\u6709\u4ec0\u4e48\u653e\u4e0d\u4e0b</strong></h3>\r\n\r\n<h3><strong>\u6211\u8981\u8fd9\u8352\u8bde\u7684\u89c4\u77e9</strong></h3>\r\n\r\n<h3><strong>\u5f53\u4f5c\u4e2a\u95f9\u5267\u7ed9\u7ed3\u675f</strong></h3>\r\n\r\n<h3><strong>\u4e7e\u5764\u4e0b\u4e00\u671d\u8fdb\u9000\u77f3\u5fc3\u4e24\u96be</strong></h3>\r\n\r\n<h3><strong>\u6240\u8c13\u865a\u65e0\u662f\u540c\u5f52\u6765\u5904\u7684\u653e\u9010</strong></h3>\r\n\r\n<h3><strong>\u6f6e\u8d77\u6f6e\u843d</strong></h3>\r\n\r\n<h3><strong>\u539f\u6765\u4e00\u65e0\u6240\u6709</strong></h3>\r\n\r\n<h3><strong>\u5c31\u53eb\u505a</strong></h3>\r\n\r\n<h3><strong>\u9f50\u5929\u5927\u5723</strong></h3>", "author": 1, "created_time": "2018-06-13T13:37:03.933Z", "last_updated_time": "2018-06-13T13:39:44.959Z"}}, {"model": "blog.blog", "pk": 15, "fields": {"title": "\u6211\u7684\u4e00\u4e2a\u9053\u59d1\u670b\u53cb", "blog_type": 4, "content": "<hr />\r\n<h1>\u6211\u7684\u4e00\u4e2a\u9053\u59d1\u670b\u53cb\uff08\u7537\u58f0\u7248\uff09\uff08Cover Lon\uff09</h1>\r\n\r\n<p>\u4e13\u8f91\uff1a\u6211\u7684\u4e00\u4e2a\u9053\u59d1\u670b\u53cb</p>\r\n\r\n<p>\u6b4c\u624b\uff1a\u9ed1\u5d0e\u5b50</p>\r\n\r\n<p>\u4f5c\u66f2 : \u30bf\u30a4\u30ca\u30ab\u30b5\u30c1</p>\r\n\r\n<p>\u4f5c\u8bcd : \u9646\u83f1\u7eb1</p>\r\n\r\n<h3><strong>\u800c\u4f60\u6491\u4f1e\u62e5\u6211\u5165\u6000\u4e2d</strong></h3>\r\n\r\n<h3><strong>\u4e00\u5b57\u4e00\u53e5\u8a93\u8a00\u591a\u614e\u91cd</strong></h3>\r\n\r\n<h3><strong>\u4f60\u773c\u4e2d\u6709\u67d4\u60c5\u5343\u79cd</strong></h3>\r\n\r\n<h3><strong>\u5982\u8109\u8109\u6625\u98ce \u51b0\u96ea\u4e5f\u6d88\u878d</strong></h3>\r\n\r\n<h3>&nbsp;</h3>\r\n\r\n<h3><strong>\u90a3\u5e74\u957f\u8857\u6625\u610f\u6b63\u6d53</strong></h3>\r\n\r\n<h3><strong>\u7b56\u9a6c\u540c\u6e38\u70df\u96e8\u5982\u68a6</strong></h3>\r\n\r\n<h3><strong>\u6a90\u4e0b\u8eb2\u96e8</strong></h3>\r\n\r\n<h3><strong>\u671b\u8fdb\u4e00\u53cc\u6df1\u9083\u773c\u77b3</strong></h3>\r\n\r\n<h3><strong>\u5b9b\u5982\u534e\u5c71\u5939\u7740\u7ec6\u96ea\u7684\u5fae\u98ce</strong></h3>\r\n\r\n<h3><strong>\u96e8\u4e1d\u5fae\u51c9</strong></h3>\r\n\r\n<h3><strong>\u98ce\u5439\u8fc7\u6697\u9999\u6726\u80e7</strong></h3>\r\n\r\n<h3><strong>\u4e00\u65f6\u5fc3\u5934\u60b8\u52a8\u4f3c\u4f60\u6e29\u67d4\u5251\u950b</strong></h3>\r\n\r\n<h3><strong>\u8fc7\u5904\u7fe9\u82e5\u60ca\u9e3f</strong></h3>\r\n\r\n<h3><strong>\u662f\u5426\u60c5\u5b57\u5199\u6765\u90fd\u7a7a\u6d1e</strong></h3>\r\n\r\n<h3><strong>\u4e00\u7b14\u4e00\u753b\u659f\u914c\u7740\u5949\u9001</strong></h3>\r\n\r\n<h3><strong>\u7518\u613f\u5351\u5fae\u6362\u4e2a\u7b11\u5bb9</strong></h3>\r\n\r\n<h3><strong>\u6216\u6ca6\u4e3a\u5e73\u5eb8</strong></h3>\r\n\r\n<h3><strong>\u800c\u4f60\u6491\u4f1e\u62e5\u6211\u5165\u6000\u4e2d</strong></h3>\r\n\r\n<h3><strong>\u4e00\u5b57\u4e00\u53e5\u8a93\u8a00\u591a\u614e\u91cd</strong></h3>\r\n\r\n<h3><strong>\u4f60\u773c\u4e2d\u6709\u67d4\u60c5\u5343\u79cd</strong></h3>\r\n\r\n<h3><strong>\u5982\u8109\u8109\u6625\u98ce\u51b0\u96ea\u4e5f\u6d88\u878d</strong></h3>\r\n\r\n<h3>&nbsp;</h3>\r\n\r\n<h3><strong>\u540e\u6765\u8c01\u5bb6\u559c\u5bb4\u91cd\u9022</strong></h3>\r\n\r\n<h3><strong>\u4f73\u4eba\u5728\u4fa7\u70db\u5f71\u6447\u7ea2</strong></h3>\r\n\r\n<h3><strong>\u706f\u706b\u7f31\u7efb</strong></h3>\r\n\r\n<h3><strong>\u6620\u7167\u4e00\u53cc\u5982\u753b\u989c\u5bb9</strong></h3>\r\n\r\n<h3><strong>\u5b9b\u5982\u8c46\u853b\u679d\u5934\u6e29\u67d4\u7684\u65e7\u68a6</strong></h3>\r\n\r\n<h3><strong>\u5bf9\u9762\u4e0d\u8bc6</strong></h3>\r\n\r\n<h3><strong>\u604d\u7136\u95f4\u601d\u7eea\u7ffb\u6d8c</strong></h3>\r\n\r\n<h3><strong>\u671b\u4f60\u767d\u8863\u5982\u65e7</strong></h3>\r\n\r\n<h3><strong>\u795e\u8272\u51e0\u5206\u51b0\u51bb</strong></h3>\r\n\r\n<h3><strong>\u8c01\u77e5\u6211\u5fc3\u60f6\u6050</strong></h3>\r\n\r\n<h3><strong>\u4e5f\u8bb8\u6211\u5e94\u8be5\u8d81\u9189\u88c5\u75af</strong></h3>\r\n\r\n<h3><strong>\u501f\u4f60\u6000\u62b1\u7559\u4e00\u62b9\u5507\u7ea2</strong></h3>\r\n\r\n<h3><strong>\u518d\u5c06\u65e7\u4e8b\u8f7b\u6b4c\u6162\u8bf5</strong></h3>\r\n\r\n<h3><strong>\u4efb\u65c1\u4eba\u60ca\u52a8</strong></h3>\r\n\r\n<h3><strong>\u53ef\u6211\u53ea\u80fd\u5047\u7b11\u626e\u4ece\u5bb9</strong></h3>\r\n\r\n<h3><strong>\u4fa7\u8033\u542c\u90a3\u4e9b\u60c5\u6df1\u610f\u91cd</strong></h3>\r\n\r\n<h3><strong>\u4e0d\u53bb\u770b\u4f60\u719f\u6089\u8138\u5b54</strong></h3>\r\n\r\n<h3><strong>\u53ea\u9ed8\u9ed8\u996e\u9152\u591a\u65e0\u52a8\u4e8e\u8877</strong></h3>\r\n\r\n<h3><strong>\u5c71\u95e8\u5916\u96ea\u62c2\u8fc7\u767d\u8863</strong></h3>\r\n\r\n<h3><strong>\u53c8\u5728\u6307\u5c16\u6d88\u878d</strong></h3>\r\n\r\n<h3><strong>\u8d1f\u957f\u5251\u8bd5\u95ee\u6c5f\u6e56\u8bfa\u5927</strong></h3>\r\n\r\n<h3><strong>\u8be5\u4f55\u53bb\u4f55\u4ece</strong></h3>\r\n\r\n<h3><strong>\u4eca\u751f\u81f3\u6b64\u50cf\u4e2a\u7b11\u8bdd\u4e00\u6837</strong></h3>\r\n\r\n<h3><strong>\u81ea\u5df1\u90fd\u5632\u8bbd</strong></h3>\r\n\r\n<h3><strong>\u4e00\u53a2\u60c5\u613f\u6709\u59cb\u65e0\u7ec8</strong></h3>\r\n\r\n<h3>&nbsp;</h3>\r\n\r\n<h3><strong>\u82e5\u4f60\u65e9\u4e0e\u4ed6\u4eba\u4e24\u5fc3\u540c</strong></h3>\r\n\r\n<h3><strong>\u4f55\u82e6\u60f9\u6211\u9519\u4ed8\u4e86\u60c5\u8877</strong></h3>\r\n\r\n<h3><strong>\u96be\u9053\u770b\u6211\u5931\u9b42\u843d\u9b44</strong></h3>\r\n\r\n<h3><strong>\u4f60\u7adf\u7136\u5fc3\u52a8</strong></h3>\r\n\r\n<h3><strong>\u6240\u5e78\u7ecf\u5e74\u6f02\u6d6e\u7ea2\u5c18\u4e2d</strong></h3>\r\n\r\n<h3><strong>\u8fd9\u9897\u5fc3\u5df2\u662f\u5343\u75ae\u767e\u5b54</strong></h3>\r\n\r\n<h3><strong>\u600e\u60e7\u4f60\u4ee5\u8584\u60c5\u4e3a\u5203</strong></h3>\r\n\r\n<h3><strong>\u6dfb\u4e00\u9053\u88c2\u7f1d</strong></h3>\r\n\r\n<h3><strong>\u53c8\u4e0d\u4f1a\u75db</strong></h3>\r\n\r\n<h3><strong>\u4e0d\u5982\u5c06\u5f80\u4e8b\u57cb\u5728\u98ce\u4e2d</strong></h3>\r\n\r\n<h3><strong>\u4ee5\u957f\u5251\u4e3a\u7891\u4ee5\u971c\u96ea\u4e3a\u51a2</strong></h3>\r\n\r\n<h3><strong>\u6b64\u751f\u82e5\u662f\u9519\u5728\u76f8\u9022</strong></h3>\r\n\r\n<h3><strong>\u6c42\u4e00\u4e2a\u5584\u7ec8</strong></h3>\r\n\r\n<h3><strong>\u5b64\u8eab\u6253\u9a6c\u5357\u5c4f\u65e7\u6865\u8fb9\u8fc7</strong></h3>\r\n\r\n<h3><strong>\u6070\u9022\u5c71\u96e8\u6765\u65f6\u96fe\u8499\u8499</strong></h3>\r\n\r\n<h3><strong>\u60f3\u8d77\u90a3\u5e74\u4f1e\u4e0b\u8f7b\u62e5</strong></h3>\r\n\r\n<h3><strong>\u5c31\u50cf\u8eba\u5728\u6865\u7d22\u4e4b\u4e0a</strong></h3>\r\n\r\n<h3><strong>\u505a\u4e86\u4e00\u573a\u68a6</strong></h3>\r\n\r\n<h3><strong>\u68a6\u9192\u540e\u8dcc\u843d\u7c89\u8eab\u788e\u9aa8</strong></h3>\r\n\r\n<h3><strong>\u65e0\u5f71\u4ea6\u65e0\u8e2a</strong></h3>", "author": 1, "created_time": "2018-06-13T13:52:32.596Z", "last_updated_time": "2018-06-13T14:01:04.711Z"}}, {"model": "blog.blog", "pk": 16, "fields": {"title": "test", "blog_type": 2, "content": "<p>\u8fd9\u4e2a\u662f\u6d4b\u8bd5</p>", "author": 1, "created_time": "2019-07-08T12:46:12.358Z", "last_updated_time": "2019-07-08T12:46:12.358Z"}}, {"model": "comment.comment", "pk": 1, "fields": {"content_type": 8, "object_id": 9, "text": "<p>\u4f60\u597d\u554a</p>", "comment_time": "2018-06-25T06:59:10.543Z", "user": 1, "root": null, "parent": null, "reply_to": null}}, {"model": "comment.comment", "pk": 2, "fields": {"content_type": 8, "object_id": 9, "text": "\u6211\u5f88\u597d", "comment_time": "2018-06-25T07:00:51.930Z", "user": 2, "root": 1, "parent": 1, "reply_to": 1}}, {"model": "comment.comment", "pk": 3, "fields": {"content_type": 8, "object_id": 9, "text": "<p>111</p>", "comment_time": "2018-06-25T11:03:02.588Z", "user": 1, "root": null, "parent": null, "reply_to": null}}, {"model": "comment.comment", "pk": 4, "fields": {"content_type": 8, "object_id": 9, "text": "<p>+56</p>", "comment_time": "2018-06-25T11:03:05.979Z", "user": 1, "root": null, "parent": null, "reply_to": null}}, {"model": "comment.comment", "pk": 5, "fields": {"content_type": 8, "object_id": 9, "text": "<p><img alt=\"devil\" height=\"23\" src=\"http://10.110.75.71:8000/static/ckeditor/ckeditor/plugins/smiley/images/devil_smile.png\" title=\"devil\" width=\"23\" /></p>", "comment_time": "2018-06-25T11:03:10.958Z", "user": 1, "root": null, "parent": null, "reply_to": null}}, {"model": "comment.comment", "pk": 6, "fields": {"content_type": 8, "object_id": 9, "text": "<p>\u4f3c\u7684\u53d1\u5c04\u70b9</p>", "comment_time": "2018-06-25T11:03:20.266Z", "user": 1, "root": null, "parent": null, "reply_to": null}}, {"model": "comment.comment", "pk": 7, "fields": {"content_type": 8, "object_id": 9, "text": "<p>\u90fd\u662f\u53d1\u7ed9\u7b2c\u4e09\u65b9\u516c\u53f8\u7684</p>", "comment_time": "2018-06-25T11:03:23.050Z", "user": 1, "root": null, "parent": null, "reply_to": null}}, {"model": "comment.comment", "pk": 8, "fields": {"content_type": 8, "object_id": 9, "text": "<p>\u4f3c\u7684\u53d1\u5c04\u70b9</p>", "comment_time": "2018-06-25T13:31:27.869Z", "user": 1, "root": 7, "parent": 7, "reply_to": 1}}, {"model": "comment.comment", "pk": 9, "fields": {"content_type": 8, "object_id": 9, "text": "<p>\u54c8\u54c8</p>", "comment_time": "2018-06-25T13:31:34.137Z", "user": 1, "root": 7, "parent": 8, "reply_to": 1}}, {"model": "comment.comment", "pk": 10, "fields": {"content_type": 8, "object_id": 9, "text": "<p>5454</p>", "comment_time": "2018-06-25T13:37:50.529Z", "user": 1, "root": 7, "parent": 7, "reply_to": 1}}, {"model": "comment.comment", "pk": 11, "fields": {"content_type": 8, "object_id": 9, "text": "<p>11</p>", "comment_time": "2018-06-25T13:38:42.462Z", "user": 1, "root": 7, "parent": 7, "reply_to": 1}}, {"model": "comment.comment", "pk": 12, "fields": {"content_type": 8, "object_id": 9, "text": "<p>545</p>", "comment_time": "2018-06-25T13:38:49.068Z", "user": 1, "root": 7, "parent": 11, "reply_to": 1}}, {"model": "comment.comment", "pk": 13, "fields": {"content_type": 8, "object_id": 15, "text": "<p>\u597d\u597d\u542c\u554a</p>\r\n\r\n<p>&nbsp;</p>", "comment_time": "2018-07-21T07:54:39.440Z", "user": 1, "root": null, "parent": null, "reply_to": null}}, {"model": "comment.comment", "pk": 14, "fields": {"content_type": 8, "object_id": 15, "text": "<p>\u6211\u4e5f\u89c9\u5f97\u662f<img alt=\"smiley\" height=\"23\" src=\"http://192.168.3.9:8000/static/ckeditor/ckeditor/plugins/smiley/images/regular_smile.png\" title=\"smiley\" width=\"23\" /></p>", "comment_time": "2018-07-21T07:55:08.458Z", "user": 1, "root": 13, "parent": 13, "reply_to": 1}}, {"model": "comment.comment", "pk": 15, "fields": {"content_type": 8, "object_id": 15, "text": "<p>\u8d85\u7ea7\u597d\u542c\u7684</p>", "comment_time": "2018-07-21T09:07:48.170Z", "user": 1, "root": null, "parent": null, "reply_to": null}}, {"model": "comment.comment", "pk": 16, "fields": {"content_type": 8, "object_id": 15, "text": "<p>1</p>", "comment_time": "2018-07-21T09:16:37.055Z", "user": 1, "root": 15, "parent": 15, "reply_to": 1}}, {"model": "comment.comment", "pk": 17, "fields": {"content_type": 8, "object_id": 15, "text": "<p>\u6d4b\u8bd5\u65f6\u95f4</p>", "comment_time": "2018-07-21T09:19:21.983Z", "user": 1, "root": null, "parent": null, "reply_to": null}}, {"model": "comment.comment", "pk": 18, "fields": {"content_type": 8, "object_id": 15, "text": "<p>\u6d4b\u8bd5\u65f6\u95f41</p>", "comment_time": "2018-07-21T09:19:42.049Z", "user": 1, "root": 17, "parent": 17, "reply_to": 1}}, {"model": "comment.comment", "pk": 19, "fields": {"content_type": 8, "object_id": 15, "text": "<p>\u6d4b\u8bd5\u65f6\u95f42</p>", "comment_time": "2018-07-21T09:34:33.077Z", "user": 1, "root": null, "parent": null, "reply_to": null}}, {"model": "comment.comment", "pk": 20, "fields": {"content_type": 8, "object_id": 15, "text": "<p>\u6d4b\u8bd5\u65f6\u95f42</p>", "comment_time": "2018-07-21T09:34:37.143Z", "user": 1, "root": null, "parent": null, "reply_to": null}}, {"model": "comment.comment", "pk": 21, "fields": {"content_type": 8, "object_id": 15, "text": "<p>\u6d4b\u8bd5\u65f6\u95f44</p>", "comment_time": "2018-07-21T09:35:09.048Z", "user": 1, "root": 20, "parent": 20, "reply_to": 1}}, {"model": "comment.comment", "pk": 22, "fields": {"content_type": 8, "object_id": 15, "text": "<p>22</p>", "comment_time": "2018-07-21T09:37:42.611Z", "user": 1, "root": null, "parent": null, "reply_to": null}}, {"model": "comment.comment", "pk": 23, "fields": {"content_type": 8, "object_id": 15, "text": "<p>123</p>", "comment_time": "2018-07-21T09:41:45.641Z", "user": 1, "root": 22, "parent": 22, "reply_to": 1}}, {"model": "comment.comment", "pk": 24, "fields": {"content_type": 8, "object_id": 15, "text": "<p>11</p>", "comment_time": "2018-07-21T09:47:01.186Z", "user": 1, "root": null, "parent": null, "reply_to": null}}, {"model": "comment.comment", "pk": 25, "fields": {"content_type": 8, "object_id": 15, "text": "<p>haha</p>", "comment_time": "2018-07-26T10:09:57.855Z", "user": 1, "root": null, "parent": null, "reply_to": null}}, {"model": "comment.comment", "pk": 26, "fields": {"content_type": 8, "object_id": 15, "text": "<p>haha</p>", "comment_time": "2018-07-26T10:10:08.467Z", "user": 1, "root": null, "parent": null, "reply_to": null}}, {"model": "comment.comment", "pk": 27, "fields": {"content_type": 8, "object_id": 15, "text": "<p>15</p>", "comment_time": "2018-07-26T10:10:35.170Z", "user": 1, "root": 26, "parent": 26, "reply_to": 1}}, {"model": "comment.comment", "pk": 28, "fields": {"content_type": 8, "object_id": 14, "text": "<p>11</p>", "comment_time": "2018-07-26T10:11:41.942Z", "user": 1, "root": null, "parent": null, "reply_to": null}}, {"model": "comment.comment", "pk": 29, "fields": {"content_type": 8, "object_id": 14, "text": "<p>4</p>", "comment_time": "2018-07-26T10:14:00.193Z", "user": 1, "root": null, "parent": null, "reply_to": null}}, {"model": "comment.comment", "pk": 30, "fields": {"content_type": 8, "object_id": 14, "text": "<p>44</p>", "comment_time": "2018-07-26T10:16:42.278Z", "user": 1, "root": null, "parent": null, "reply_to": null}}, {"model": "comment.comment", "pk": 31, "fields": {"content_type": 8, "object_id": 14, "text": "<p>44</p>", "comment_time": "2018-07-26T10:17:10.713Z", "user": 1, "root": null, "parent": null, "reply_to": null}}, {"model": "comment.comment", "pk": 32, "fields": {"content_type": 8, "object_id": 14, "text": "<p>44</p>", "comment_time": "2018-07-26T10:19:20.194Z", "user": 1, "root": null, "parent": null, "reply_to": null}}, {"model": "comment.comment", "pk": 33, "fields": {"content_type": 8, "object_id": 12, "text": "<p>5</p>", "comment_time": "2018-07-26T10:19:41.306Z", "user": 1, "root": null, "parent": null, "reply_to": null}}, {"model": "comment.comment", "pk": 34, "fields": {"content_type": 8, "object_id": 12, "text": "<p>3</p>", "comment_time": "2018-07-26T10:19:48.968Z", "user": 1, "root": 33, "parent": 33, "reply_to": 1}}, {"model": "comment.comment", "pk": 35, "fields": {"content_type": 8, "object_id": 14, "text": "<p><img alt=\"sad\" height=\"23\" src=\"http://127.0.0.1:8000/static/ckeditor/ckeditor/plugins/smiley/images/sad_smile.png\" title=\"sad\" width=\"23\" /></p>", "comment_time": "2018-10-15T11:26:29.510Z", "user": 1, "root": null, "parent": null, "reply_to": null}}, {"model": "comment.comment", "pk": 36, "fields": {"content_type": 8, "object_id": 14, "text": "<p>12</p>", "comment_time": "2018-10-15T11:26:39.036Z", "user": 1, "root": 35, "parent": 35, "reply_to": 1}}, {"model": "comment.comment", "pk": 37, "fields": {"content_type": 8, "object_id": 15, "text": "<p>999</p>", "comment_time": "2019-07-07T08:58:42.431Z", "user": 1, "root": 26, "parent": 27, "reply_to": 1}}, {"model": "comment.comment", "pk": 38, "fields": {"content_type": 8, "object_id": 16, "text": "<p>\u8bc4\u8bba\u53d1\u9001\u90ae\u4ef6\u6d4b\u8bd51</p>", "comment_time": "2019-07-09T07:01:41.105Z", "user": 1, "root": null, "parent": null, "reply_to": null}}, {"model": "comment.comment", "pk": 39, "fields": {"content_type": 8, "object_id": 16, "text": "<p>\u591a\u7ebf\u7a0b\u53d1\u9001\u8bc4\u8bba\u901a\u77e5</p>", "comment_time": "2019-07-09T07:14:55.677Z", "user": 1, "root": 38, "parent": 38, "reply_to": 1}}, {"model": "comment.comment", "pk": 40, "fields": {"content_type": 8, "object_id": 16, "text": "<p>\u591a\u7ebf\u7a0b\u53d1\u9001\u8bc4\u8bba\u901a\u77e5</p>", "comment_time": "2019-07-09T07:15:33.424Z", "user": 1, "root": 38, "parent": 38, "reply_to": 1}}, {"model": "comment.comment", "pk": 41, "fields": {"content_type": 8, "object_id": 16, "text": "<p>html\u90ae\u4ef6\u6d4b\u8bd5</p>", "comment_time": "2019-07-09T07:19:51.381Z", "user": 1, "root": null, "parent": null, "reply_to": null}}, {"model": "comment.comment", "pk": 42, "fields": {"content_type": 8, "object_id": 16, "text": "<p>html\u6a21\u677f\u90ae\u4ef6\u6d4b\u8bd5</p>", "comment_time": "2019-07-09T07:36:33.992Z", "user": 1, "root": null, "parent": null, "reply_to": null}}, {"model": "comment.comment", "pk": 43, "fields": {"content_type": 8, "object_id": 16, "text": "<p>html\u6a21\u677f\u90ae\u4ef6\u6d4b\u8bd52</p>", "comment_time": "2019-07-09T07:37:14.978Z", "user": 1, "root": null, "parent": null, "reply_to": null}}, {"model": "comment.comment", "pk": 44, "fields": {"content_type": 8, "object_id": 16, "text": "<p>html\u6a21\u677f\u90ae\u4ef6\u6d4b\u8bd53</p>", "comment_time": "2019-07-09T07:41:52.780Z", "user": 1, "root": 43, "parent": 43, "reply_to": 1}}, {"model": "comment.comment", "pk": 45, "fields": {"content_type": 8, "object_id": 16, "text": "<p>html\u6a21\u677f\u90ae\u4ef6\u6d4b\u8bd54</p>", "comment_time": "2019-07-09T07:55:59.569Z", "user": 1, "root": null, "parent": null, "reply_to": null}}, {"model": "likes.likerecord", "pk": 7, "fields": {"content_type": 8, "object_id": 11, "user": 1, "liked_time": "2018-07-23T08:37:20.249Z"}}, {"model": "likes.likerecord", "pk": 9, "fields": {"content_type": 8, "object_id": 10, "user": 1, "liked_time": "2018-07-23T08:40:07.017Z"}}, {"model": "likes.likerecord", "pk": 13, "fields": {"content_type": 8, "object_id": 9, "user": 1, "liked_time": "2018-07-23T09:14:40.226Z"}}, {"model": "likes.likerecord", "pk": 14, "fields": {"content_type": 8, "object_id": 7, "user": 1, "liked_time": "2018-07-23T09:15:11.015Z"}}, {"model": "likes.likerecord", "pk": 21, "fields": {"content_type": 8, "object_id": 13, "user": 1, "liked_time": "2018-07-23T09:49:25.434Z"}}, {"model": "likes.likerecord", "pk": 24, "fields": {"content_type": 8, "object_id": 12, "user": 1, "liked_time": "2018-07-23T10:05:18.184Z"}}, {"model": "likes.likerecord", "pk": 28, "fields": {"content_type": 8, "object_id": 8, "user": 1, "liked_time": "2018-07-23T10:08:50.315Z"}}, {"model": "likes.likerecord", "pk": 29, "fields": {"content_type": 8, "object_id": 6, "user": 1, "liked_time": "2018-07-23T10:09:14.139Z"}}, {"model": "likes.likerecord", "pk": 30, "fields": {"content_type": 8, "object_id": 6, "user": 2, "liked_time": "2018-07-23T10:12:22.575Z"}}, {"model": "likes.likerecord", "pk": 34, "fields": {"content_type": 8, "object_id": 4, "user": 1, "liked_time": "2018-07-23T10:35:18.959Z"}}, {"model": "likes.likerecord", "pk": 35, "fields": {"content_type": 8, "object_id": 13, "user": 2, "liked_time": "2018-07-23T10:36:14.329Z"}}, {"model": "likes.likerecord", "pk": 37, "fields": {"content_type": 8, "object_id": 5, "user": 1, "liked_time": "2018-07-23T10:40:49.475Z"}}, {"model": "likes.likerecord", "pk": 38, "fields": {"content_type": 8, "object_id": 2, "user": 1, "liked_time": "2018-07-23T10:41:11.912Z"}}, {"model": "likes.likerecord", "pk": 48, "fields": {"content_type": 8, "object_id": 3, "user": 1, "liked_time": "2018-07-23T10:52:17.843Z"}}, {"model": "likes.likerecord", "pk": 53, "fields": {"content_type": 8, "object_id": 5, "user": 2, "liked_time": "2018-07-24T02:46:56.977Z"}}, {"model": "likes.likerecord", "pk": 73, "fields": {"content_type": 12, "object_id": 22, "user": 1, "liked_time": "2018-07-26T10:09:35.988Z"}}, {"model": "likes.likerecord", "pk": 74, "fields": {"content_type": 12, "object_id": 20, "user": 1, "liked_time": "2018-07-26T10:09:38.391Z"}}, {"model": "likes.likerecord", "pk": 75, "fields": {"content_type": 12, "object_id": 19, "user": 1, "liked_time": "2018-07-26T10:09:41.720Z"}}, {"model": "likes.likerecord", "pk": 80, "fields": {"content_type": 8, "object_id": 14, "user": 1, "liked_time": "2018-07-26T10:11:28.729Z"}}, {"model": "likes.likerecord", "pk": 84, "fields": {"content_type": 12, "object_id": 24, "user": 1, "liked_time": "2018-07-26T10:20:07.276Z"}}, {"model": "likes.likerecord", "pk": 86, "fields": {"content_type": 8, "object_id": 15, "user": 1, "liked_time": "2018-08-20T12:04:37.346Z"}}, {"model": "user.profile", "pk": 1, "fields": {"user": 2, "nickname": "123456"}}, {"model": "user.profile", "pk": 3, "fields": {"user": 1, "nickname": "\u53eb\u6211ChEn\u5566\u4e36"}}, {"model": "admin.logentry", "pk": 1, "fields": {"action_time": "2018-06-06T11:47:41.556Z", "user": 1, "content_type": 7, "object_id": "1", "object_repr": "django", "action_flag": 1, "change_message": "[{\"added\": {}}]"}}, {"model": "admin.logentry", "pk": 2, "fields": {"action_time": "2018-06-06T11:47:55.901Z", "user": 1, "content_type": 7, "object_id": "2", "object_repr": "\u968f\u7b14", "action_flag": 1, "change_message": "[{\"added\": {}}]"}}, {"model": "admin.logentry", "pk": 3, "fields": {"action_time": "2018-06-06T11:48:01.446Z", "user": 1, "content_type": 7, "object_id": "3", "object_repr": "\u611f\u609f", "action_flag": 1, "change_message": "[{\"added\": {}}]"}}, {"model": "admin.logentry", "pk": 4, "fields": {"action_time": "2018-06-06T11:49:06.258Z", "user": 1, "content_type": 8, "object_id": "1", "object_repr": "<Blog:\u6211\u7684\u7b2c\u4e00\u7bc7\u535a\u5ba2>", "action_flag": 1, "change_message": "[{\"added\": {}}]"}}, {"model": "admin.logentry", "pk": 5, "fields": {"action_time": "2018-06-06T12:41:44.375Z", "user": 1, "content_type": 8, "object_id": "2", "object_repr": "<Blog:\u5f00\u9ed1\u5417>", "action_flag": 1, "change_message": "[{\"added\": {}}]"}}, {"model": "admin.logentry", "pk": 6, "fields": {"action_time": "2018-06-06T12:51:22.314Z", "user": 1, "content_type": 8, "object_id": "3", "object_repr": "<Blog:\u957f\u7684\u535a\u5ba2>", "action_flag": 1, "change_message": "[{\"added\": {}}]"}}, {"model": "admin.logentry", "pk": 7, "fields": {"action_time": "2018-06-06T13:19:39.984Z", "user": 1, "content_type": 8, "object_id": "4", "object_repr": "<Blog:\u4e0d\u540c\u7c7b\u578b>", "action_flag": 1, "change_message": "[{\"added\": {}}]"}}, {"model": "admin.logentry", "pk": 8, "fields": {"action_time": "2018-06-06T13:20:57.882Z", "user": 1, "content_type": 8, "object_id": "5", "object_repr": "<Blog:\u9752\u82b1\u74f7>", "action_flag": 1, "change_message": "[{\"added\": {}}]"}}, {"model": "admin.logentry", "pk": 9, "fields": {"action_time": "2018-06-06T13:21:50.014Z", "user": 1, "content_type": 8, "object_id": "6", "object_repr": "<Blog:\u3002\u3002\u3002\u3002>", "action_flag": 1, "change_message": "[{\"added\": {}}]"}}, {"model": "admin.logentry", "pk": 10, "fields": {"action_time": "2018-06-07T05:51:50.915Z", "user": 1, "content_type": 8, "object_id": "6", "object_repr": "<Blog:\u3002\u3002\u3002\u3002>", "action_flag": 2, "change_message": "[]"}}, {"model": "admin.logentry", "pk": 11, "fields": {"action_time": "2018-06-07T05:52:42.877Z", "user": 1, "content_type": 8, "object_id": "7", "object_repr": "<Blog:\u6ed5\u738b\u9601\u5e8f>", "action_flag": 1, "change_message": "[{\"added\": {}}]"}}, {"model": "admin.logentry", "pk": 12, "fields": {"action_time": "2018-06-07T11:37:16.824Z", "user": 1, "content_type": 8, "object_id": "8", "object_repr": "<Blog:\u4eff\u4f5b\u516e\u82e5\u8f7b\u4e91\u4e4b\u853d\u6708 \u98d8\u98d8\u516e\u82e5\u6d41\u98ce\u4e4b\u56de\u96ea>", "action_flag": 1, "change_message": "[{\"added\": {}}]"}}, {"model": "admin.logentry", "pk": 13, "fields": {"action_time": "2018-06-07T11:41:55.771Z", "user": 1, "content_type": 8, "object_id": "9", "object_repr": "<Blog:\u6c34\u7b14>", "action_flag": 1, "change_message": "[{\"added\": {}}]"}}, {"model": "admin.logentry", "pk": 14, "fields": {"action_time": "2018-06-08T03:20:48.092Z", "user": 1, "content_type": 8, "object_id": "10", "object_repr": "<Blog:\u5929\u9752\u8272\u7b49\u70df\u96e8\uff0c\u800c\u6211\u5728\u7b49\u4f60>", "action_flag": 1, "change_message": "[{\"added\": {}}]"}}, {"model": "admin.logentry", "pk": 15, "fields": {"action_time": "2018-06-09T08:30:15.923Z", "user": 1, "content_type": 8, "object_id": "34", "object_repr": "<Blog:for 23>", "action_flag": 3, "change_message": ""}}, {"model": "admin.logentry", "pk": 16, "fields": {"action_time": "2018-06-09T08:30:16.190Z", "user": 1, "content_type": 8, "object_id": "33", "object_repr": "<Blog:for 22>", "action_flag": 3, "change_message": ""}}, {"model": "admin.logentry", "pk": 17, "fields": {"action_time": "2018-06-09T08:30:16.438Z", "user": 1, "content_type": 8, "object_id": "32", "object_repr": "<Blog:for 21>", "action_flag": 3, "change_message": ""}}, {"model": "admin.logentry", "pk": 18, "fields": {"action_time": "2018-06-09T08:30:16.644Z", "user": 1, "content_type": 8, "object_id": "31", "object_repr": "<Blog:for 20>", "action_flag": 3, "change_message": ""}}, {"model": "admin.logentry", "pk": 19, "fields": {"action_time": "2018-06-09T08:30:16.804Z", "user": 1, "content_type": 8, "object_id": "30", "object_repr": "<Blog:for 19>", "action_flag": 3, "change_message": ""}}, {"model": "admin.logentry", "pk": 20, "fields": {"action_time": "2018-06-09T08:30:16.943Z", "user": 1, "content_type": 8, "object_id": "29", "object_repr": "<Blog:for 18>", "action_flag": 3, "change_message": ""}}, {"model": "admin.logentry", "pk": 21, "fields": {"action_time": "2018-06-09T08:30:17.032Z", "user": 1, "content_type": 8, "object_id": "28", "object_repr": "<Blog:for 17>", "action_flag": 3, "change_message": ""}}, {"model": "admin.logentry", "pk": 22, "fields": {"action_time": "2018-06-09T08:30:17.121Z", "user": 1, "content_type": 8, "object_id": "27", "object_repr": "<Blog:for 16>", "action_flag": 3, "change_message": ""}}, {"model": "admin.logentry", "pk": 23, "fields": {"action_time": "2018-06-09T08:30:17.226Z", "user": 1, "content_type": 8, "object_id": "26", "object_repr": "<Blog:for 15>", "action_flag": 3, "change_message": ""}}, {"model": "admin.logentry", "pk": 24, "fields": {"action_time": "2018-06-09T08:30:17.332Z", "user": 1, "content_type": 8, "object_id": "25", "object_repr": "<Blog:for 14>", "action_flag": 3, "change_message": ""}}, {"model": "admin.logentry", "pk": 25, "fields": {"action_time": "2018-06-09T08:30:17.425Z", "user": 1, "content_type": 8, "object_id": "24", "object_repr": "<Blog:for 13>", "action_flag": 3, "change_message": ""}}, {"model": "admin.logentry", "pk": 26, "fields": {"action_time": "2018-06-09T08:30:17.515Z", "user": 1, "content_type": 8, "object_id": "23", "object_repr": "<Blog:for 12>", "action_flag": 3, "change_message": ""}}, {"model": "admin.logentry", "pk": 27, "fields": {"action_time": "2018-06-09T08:30:17.615Z", "user": 1, "content_type": 8, "object_id": "22", "object_repr": "<Blog:for 11>", "action_flag": 3, "change_message": ""}}, {"model": "admin.logentry", "pk": 28, "fields": {"action_time": "2018-06-09T08:30:17.732Z", "user": 1, "content_type": 8, "object_id": "21", "object_repr": "<Blog:for 10>", "action_flag": 3, "change_message": ""}}, {"model": "admin.logentry", "pk": 29, "fields": {"action_time": "2018-06-09T08:30:17.847Z", "user": 1, "content_type": 8, "object_id": "20", "object_repr": "<Blog:for 9>", "action_flag": 3, "change_message": ""}}, {"model": "admin.logentry", "pk": 30, "fields": {"action_time": "2018-06-09T08:30:17.964Z", "user": 1, "content_type": 8, "object_id": "19", "object_repr": "<Blog:for 8>", "action_flag": 3, "change_message": ""}}, {"model": "admin.logentry", "pk": 31, "fields": {"action_time": "2018-06-09T08:30:18.076Z", "user": 1, "content_type": 8, "object_id": "18", "object_repr": "<Blog:for 7>", "action_flag": 3, "change_message": ""}}, {"model": "admin.logentry", "pk": 32, "fields": {"action_time": "2018-06-09T08:30:18.186Z", "user": 1, "content_type": 8, "object_id": "17", "object_repr": "<Blog:for 6>", "action_flag": 3, "change_message": ""}}, {"model": "admin.logentry", "pk": 33, "fields": {"action_time": "2018-06-09T08:30:18.297Z", "user": 1, "content_type": 8, "object_id": "16", "object_repr": "<Blog:for 5>", "action_flag": 3, "change_message": ""}}, {"model": "admin.logentry", "pk": 34, "fields": {"action_time": "2018-06-09T08:30:18.408Z", "user": 1, "content_type": 8, "object_id": "15", "object_repr": "<Blog:for 4>", "action_flag": 3, "change_message": ""}}, {"model": "admin.logentry", "pk": 35, "fields": {"action_time": "2018-06-09T08:30:18.574Z", "user": 1, "content_type": 8, "object_id": "14", "object_repr": "<Blog:for 3>", "action_flag": 3, "change_message": ""}}, {"model": "admin.logentry", "pk": 36, "fields": {"action_time": "2018-06-09T08:30:18.696Z", "user": 1, "content_type": 8, "object_id": "13", "object_repr": "<Blog:for 2>", "action_flag": 3, "change_message": ""}}, {"model": "admin.logentry", "pk": 37, "fields": {"action_time": "2018-06-09T08:30:18.819Z", "user": 1, "content_type": 8, "object_id": "12", "object_repr": "<Blog:for 1>", "action_flag": 3, "change_message": ""}}, {"model": "admin.logentry", "pk": 38, "fields": {"action_time": "2018-06-09T08:30:18.912Z", "user": 1, "content_type": 8, "object_id": "11", "object_repr": "<Blog:shell\u73af\u5883\u4e0b\u7b2c\u4e00\u7bc7>", "action_flag": 3, "change_message": ""}}, {"model": "admin.logentry", "pk": 39, "fields": {"action_time": "2018-06-10T11:00:02.437Z", "user": 1, "content_type": 8, "object_id": "11", "object_repr": "<Blog:\u5bcc\u6587\u672c\u56fe\u50cf\u4e0a\u4f20\u6d4b\u8bd5>", "action_flag": 1, "change_message": "[{\"added\": {}}]"}}, {"model": "admin.logentry", "pk": 40, "fields": {"action_time": "2018-06-11T09:21:25.042Z", "user": 1, "content_type": 8, "object_id": "12", "object_repr": "<Blog:\u6212\u70df-\u674e\u8363\u6d69>", "action_flag": 1, "change_message": "[{\"added\": {}}]"}}, {"model": "admin.logentry", "pk": 41, "fields": {"action_time": "2018-06-11T09:30:02.821Z", "user": 1, "content_type": 8, "object_id": "12", "object_repr": "<Blog:\u6212\u70df-\u674e\u8363\u6d69>", "action_flag": 2, "change_message": "[{\"changed\": {\"fields\": [\"content\"]}}]"}}, {"model": "admin.logentry", "pk": 42, "fields": {"action_time": "2018-06-12T04:24:47.180Z", "user": 1, "content_type": 9, "object_id": "1", "object_repr": "ReadNum object (1)", "action_flag": 1, "change_message": "[{\"added\": {}}]"}}, {"model": "admin.logentry", "pk": 43, "fields": {"action_time": "2018-06-12T11:48:42.016Z", "user": 1, "content_type": 11, "object_id": "1", "object_repr": "ReadDetail object (1)", "action_flag": 1, "change_message": "[{\"added\": {}}]"}}, {"model": "admin.logentry", "pk": 44, "fields": {"action_time": "2018-06-12T13:07:51.050Z", "user": 1, "content_type": 11, "object_id": "3", "object_repr": "ReadDetail object (3)", "action_flag": 3, "change_message": ""}}, {"model": "admin.logentry", "pk": 45, "fields": {"action_time": "2018-06-12T13:07:51.406Z", "user": 1, "content_type": 11, "object_id": "2", "object_repr": "ReadDetail object (2)", "action_flag": 3, "change_message": ""}}, {"model": "admin.logentry", "pk": 46, "fields": {"action_time": "2018-06-12T13:07:51.706Z", "user": 1, "content_type": 11, "object_id": "1", "object_repr": "ReadDetail object (1)", "action_flag": 3, "change_message": ""}}, {"model": "admin.logentry", "pk": 47, "fields": {"action_time": "2018-06-12T13:08:36.493Z", "user": 1, "content_type": 10, "object_id": "12", "object_repr": "ReadNum object (12)", "action_flag": 3, "change_message": ""}}, {"model": "admin.logentry", "pk": 48, "fields": {"action_time": "2018-06-12T13:08:36.770Z", "user": 1, "content_type": 10, "object_id": "11", "object_repr": "ReadNum object (11)", "action_flag": 3, "change_message": ""}}, {"model": "admin.logentry", "pk": 49, "fields": {"action_time": "2018-06-12T13:08:36.988Z", "user": 1, "content_type": 10, "object_id": "10", "object_repr": "ReadNum object (10)", "action_flag": 3, "change_message": ""}}, {"model": "admin.logentry", "pk": 50, "fields": {"action_time": "2018-06-12T13:08:37.236Z", "user": 1, "content_type": 10, "object_id": "9", "object_repr": "ReadNum object (9)", "action_flag": 3, "change_message": ""}}, {"model": "admin.logentry", "pk": 51, "fields": {"action_time": "2018-06-12T13:08:37.324Z", "user": 1, "content_type": 10, "object_id": "8", "object_repr": "ReadNum object (8)", "action_flag": 3, "change_message": ""}}, {"model": "admin.logentry", "pk": 52, "fields": {"action_time": "2018-06-12T13:08:37.441Z", "user": 1, "content_type": 10, "object_id": "7", "object_repr": "ReadNum object (7)", "action_flag": 3, "change_message": ""}}, {"model": "admin.logentry", "pk": 53, "fields": {"action_time": "2018-06-12T13:08:37.577Z", "user": 1, "content_type": 10, "object_id": "6", "object_repr": "ReadNum object (6)", "action_flag": 3, "change_message": ""}}, {"model": "admin.logentry", "pk": 54, "fields": {"action_time": "2018-06-12T13:08:37.720Z", "user": 1, "content_type": 10, "object_id": "5", "object_repr": "ReadNum object (5)", "action_flag": 3, "change_message": ""}}, {"model": "admin.logentry", "pk": 55, "fields": {"action_time": "2018-06-12T13:08:37.853Z", "user": 1, "content_type": 10, "object_id": "4", "object_repr": "ReadNum object (4)", "action_flag": 3, "change_message": ""}}, {"model": "admin.logentry", "pk": 56, "fields": {"action_time": "2018-06-12T13:08:37.957Z", "user": 1, "content_type": 10, "object_id": "3", "object_repr": "ReadNum object (3)", "action_flag": 3, "change_message": ""}}, {"model": "admin.logentry", "pk": 57, "fields": {"action_time": "2018-06-12T13:08:38.085Z", "user": 1, "content_type": 10, "object_id": "2", "object_repr": "ReadNum object (2)", "action_flag": 3, "change_message": ""}}, {"model": "admin.logentry", "pk": 58, "fields": {"action_time": "2018-06-12T13:08:38.207Z", "user": 1, "content_type": 10, "object_id": "1", "object_repr": "ReadNum object (1)", "action_flag": 3, "change_message": ""}}, {"model": "admin.logentry", "pk": 59, "fields": {"action_time": "2018-06-12T13:14:26.900Z", "user": 1, "content_type": 8, "object_id": "12", "object_repr": "<Blog:\u6212\u70df-\u674e\u8363\u6d69>", "action_flag": 2, "change_message": "[{\"changed\": {\"fields\": [\"content\"]}}]"}}, {"model": "admin.logentry", "pk": 60, "fields": {"action_time": "2018-06-12T13:27:20.825Z", "user": 1, "content_type": 8, "object_id": "13", "object_repr": "<Blog:\u5b81\u590f-\u6881\u9759\u8339>", "action_flag": 1, "change_message": "[{\"added\": {}}]"}}, {"model": "admin.logentry", "pk": 61, "fields": {"action_time": "2018-06-12T13:28:25.918Z", "user": 1, "content_type": 8, "object_id": "13", "object_repr": "<Blog:\u5b81\u590f-\u6881\u9759\u8339>", "action_flag": 2, "change_message": "[{\"changed\": {\"fields\": [\"content\"]}}]"}}, {"model": "admin.logentry", "pk": 62, "fields": {"action_time": "2018-06-12T13:28:57.841Z", "user": 1, "content_type": 8, "object_id": "13", "object_repr": "<Blog:\u5b81\u590f-\u6881\u9759\u8339>", "action_flag": 2, "change_message": "[{\"changed\": {\"fields\": [\"content\"]}}]"}}, {"model": "admin.logentry", "pk": 63, "fields": {"action_time": "2018-06-12T13:30:06.903Z", "user": 1, "content_type": 8, "object_id": "12", "object_repr": "<Blog:\u6212\u70df-\u674e\u8363\u6d69>", "action_flag": 2, "change_message": "[{\"changed\": {\"fields\": [\"content\"]}}]"}}, {"model": "admin.logentry", "pk": 64, "fields": {"action_time": "2018-06-12T13:38:27.442Z", "user": 1, "content_type": 8, "object_id": "13", "object_repr": "<Blog:\u5b81\u590f-\u6881\u9759\u8339>", "action_flag": 2, "change_message": "[{\"changed\": {\"fields\": [\"content\"]}}]"}}, {"model": "admin.logentry", "pk": 65, "fields": {"action_time": "2018-06-12T13:39:22.741Z", "user": 1, "content_type": 7, "object_id": "4", "object_repr": "\u6b4c\u6b4c", "action_flag": 1, "change_message": "[{\"added\": {}}]"}}, {"model": "admin.logentry", "pk": 66, "fields": {"action_time": "2018-06-12T13:39:35.644Z", "user": 1, "content_type": 7, "object_id": "4", "object_repr": "\u6b4c\u6b4cQAQ", "action_flag": 2, "change_message": "[{\"changed\": {\"fields\": [\"type_name\"]}}]"}}, {"model": "admin.logentry", "pk": 67, "fields": {"action_time": "2018-06-12T13:39:48.112Z", "user": 1, "content_type": 8, "object_id": "13", "object_repr": "<Blog:\u5b81\u590f-\u6881\u9759\u8339>", "action_flag": 2, "change_message": "[{\"changed\": {\"fields\": [\"blog_type\", \"content\"]}}]"}}, {"model": "admin.logentry", "pk": 68, "fields": {"action_time": "2018-06-12T13:39:57.361Z", "user": 1, "content_type": 8, "object_id": "12", "object_repr": "<Blog:\u6212\u70df-\u674e\u8363\u6d69>", "action_flag": 2, "change_message": "[{\"changed\": {\"fields\": [\"blog_type\"]}}]"}}, {"model": "admin.logentry", "pk": 69, "fields": {"action_time": "2018-06-13T04:46:44.018Z", "user": 1, "content_type": 7, "object_id": "4", "object_repr": "\u6b4c\u513fQAQ", "action_flag": 2, "change_message": "[{\"changed\": {\"fields\": [\"type_name\"]}}]"}}, {"model": "admin.logentry", "pk": 70, "fields": {"action_time": "2018-06-13T04:47:55.814Z", "user": 1, "content_type": 7, "object_id": "4", "object_repr": "\u552f\u6709\u97f3\u4e50\u6cbb\u6108\u4eba\u5fc3", "action_flag": 2, "change_message": "[{\"changed\": {\"fields\": [\"type_name\"]}}]"}}, {"model": "admin.logentry", "pk": 71, "fields": {"action_time": "2018-06-13T13:17:38.626Z", "user": 1, "content_type": 8, "object_id": "12", "object_repr": "<Blog:\u6212\u70df-\u674e\u8363\u6d69>", "action_flag": 2, "change_message": "[{\"changed\": {\"fields\": [\"content\"]}}]"}}, {"model": "admin.logentry", "pk": 72, "fields": {"action_time": "2018-06-13T13:18:19.511Z", "user": 1, "content_type": 8, "object_id": "12", "object_repr": "<Blog:\u6212\u70df-\u674e\u8363\u6d69>", "action_flag": 2, "change_message": "[{\"changed\": {\"fields\": [\"content\"]}}]"}}, {"model": "admin.logentry", "pk": 73, "fields": {"action_time": "2018-06-13T13:19:13.903Z", "user": 1, "content_type": 8, "object_id": "13", "object_repr": "<Blog:\u5b81\u590f-\u6881\u9759\u8339>", "action_flag": 2, "change_message": "[{\"changed\": {\"fields\": [\"content\"]}}]"}}, {"model": "admin.logentry", "pk": 74, "fields": {"action_time": "2018-06-13T13:37:04.780Z", "user": 1, "content_type": 8, "object_id": "14", "object_repr": "<Blog:\u9f50\u5929-\u534e\u6668\u5b87>", "action_flag": 1, "change_message": "[{\"added\": {}}]"}}, {"model": "admin.logentry", "pk": 75, "fields": {"action_time": "2018-06-13T13:39:12.151Z", "user": 1, "content_type": 8, "object_id": "14", "object_repr": "<Blog:\u9f50\u5929-\u534e\u6668\u5b87>", "action_flag": 2, "change_message": "[{\"changed\": {\"fields\": [\"content\"]}}]"}}, {"model": "admin.logentry", "pk": 76, "fields": {"action_time": "2018-06-13T13:39:44.963Z", "user": 1, "content_type": 8, "object_id": "14", "object_repr": "<Blog:\u9f50\u5929-\u534e\u6668\u5b87>", "action_flag": 2, "change_message": "[{\"changed\": {\"fields\": [\"content\"]}}]"}}, {"model": "admin.logentry", "pk": 77, "fields": {"action_time": "2018-06-13T13:52:32.606Z", "user": 1, "content_type": 8, "object_id": "15", "object_repr": "<Blog:\u6211\u7684\u4e00\u4e2a\u9053\u59d1\u670b\u53cb>", "action_flag": 1, "change_message": "[{\"added\": {}}]"}}, {"model": "admin.logentry", "pk": 78, "fields": {"action_time": "2018-06-13T14:01:04.714Z", "user": 1, "content_type": 8, "object_id": "15", "object_repr": "<Blog:\u6211\u7684\u4e00\u4e2a\u9053\u59d1\u670b\u53cb>", "action_flag": 2, "change_message": "[{\"changed\": {\"fields\": [\"content\"]}}]"}}, {"model": "admin.logentry", "pk": 79, "fields": {"action_time": "2018-06-25T06:50:27.506Z", "user": 1, "content_type": 12, "object_id": "109", "object_repr": "Comment object (109)", "action_flag": 3, "change_message": ""}}, {"model": "admin.logentry", "pk": 80, "fields": {"action_time": "2018-06-25T06:50:28.458Z", "user": 1, "content_type": 12, "object_id": "108", "object_repr": "Comment object (108)", "action_flag": 3, "change_message": ""}}, {"model": "admin.logentry", "pk": 81, "fields": {"action_time": "2018-06-25T06:50:28.737Z", "user": 1, "content_type": 12, "object_id": "107", "object_repr": "Comment object (107)", "action_flag": 3, "change_message": ""}}, {"model": "admin.logentry", "pk": 82, "fields": {"action_time": "2018-06-25T06:50:28.881Z", "user": 1, "content_type": 12, "object_id": "106", "object_repr": "Comment object (106)", "action_flag": 3, "change_message": ""}}, {"model": "admin.logentry", "pk": 83, "fields": {"action_time": "2018-06-25T06:50:29.003Z", "user": 1, "content_type": 12, "object_id": "105", "object_repr": "Comment object (105)", "action_flag": 3, "change_message": ""}}, {"model": "admin.logentry", "pk": 84, "fields": {"action_time": "2018-06-25T06:50:29.126Z", "user": 1, "content_type": 12, "object_id": "104", "object_repr": "Comment object (104)", "action_flag": 3, "change_message": ""}}, {"model": "admin.logentry", "pk": 85, "fields": {"action_time": "2018-06-25T06:50:29.247Z", "user": 1, "content_type": 12, "object_id": "103", "object_repr": "Comment object (103)", "action_flag": 3, "change_message": ""}}, {"model": "admin.logentry", "pk": 86, "fields": {"action_time": "2018-06-25T06:50:29.370Z", "user": 1, "content_type": 12, "object_id": "102", "object_repr": "Comment object (102)", "action_flag": 3, "change_message": ""}}, {"model": "admin.logentry", "pk": 87, "fields": {"action_time": "2018-06-25T06:50:29.480Z", "user": 1, "content_type": 12, "object_id": "101", "object_repr": "Comment object (101)", "action_flag": 3, "change_message": ""}}, {"model": "admin.logentry", "pk": 88, "fields": {"action_time": "2018-06-25T06:50:29.603Z", "user": 1, "content_type": 12, "object_id": "100", "object_repr": "Comment object (100)", "action_flag": 3, "change_message": ""}}, {"model": "admin.logentry", "pk": 89, "fields": {"action_time": "2018-06-25T06:50:29.711Z", "user": 1, "content_type": 12, "object_id": "99", "object_repr": "Comment object (99)", "action_flag": 3, "change_message": ""}}, {"model": "admin.logentry", "pk": 90, "fields": {"action_time": "2018-06-25T06:50:29.823Z", "user": 1, "content_type": 12, "object_id": "98", "object_repr": "Comment object (98)", "action_flag": 3, "change_message": ""}}, {"model": "admin.logentry", "pk": 91, "fields": {"action_time": "2018-06-25T06:50:29.967Z", "user": 1, "content_type": 12, "object_id": "97", "object_repr": "Comment object (97)", "action_flag": 3, "change_message": ""}}, {"model": "admin.logentry", "pk": 92, "fields": {"action_time": "2018-06-25T06:50:30.068Z", "user": 1, "content_type": 12, "object_id": "96", "object_repr": "Comment object (96)", "action_flag": 3, "change_message": ""}}, {"model": "admin.logentry", "pk": 93, "fields": {"action_time": "2018-06-25T06:50:30.221Z", "user": 1, "content_type": 12, "object_id": "95", "object_repr": "Comment object (95)", "action_flag": 3, "change_message": ""}}, {"model": "admin.logentry", "pk": 94, "fields": {"action_time": "2018-06-25T06:50:30.379Z", "user": 1, "content_type": 12, "object_id": "94", "object_repr": "Comment object (94)", "action_flag": 3, "change_message": ""}}, {"model": "admin.logentry", "pk": 95, "fields": {"action_time": "2018-06-25T06:50:30.523Z", "user": 1, "content_type": 12, "object_id": "93", "object_repr": "Comment object (93)", "action_flag": 3, "change_message": ""}}, {"model": "admin.logentry", "pk": 96, "fields": {"action_time": "2018-06-25T06:50:30.643Z", "user": 1, "content_type": 12, "object_id": "92", "object_repr": "Comment object (92)", "action_flag": 3, "change_message": ""}}, {"model": "admin.logentry", "pk": 97, "fields": {"action_time": "2018-06-25T06:50:30.723Z", "user": 1, "content_type": 12, "object_id": "91", "object_repr": "Comment object (91)", "action_flag": 3, "change_message": ""}}, {"model": "admin.logentry", "pk": 98, "fields": {"action_time": "2018-06-25T06:50:30.812Z", "user": 1, "content_type": 12, "object_id": "90", "object_repr": "Comment object (90)", "action_flag": 3, "change_message": ""}}, {"model": "admin.logentry", "pk": 99, "fields": {"action_time": "2018-06-25T06:50:30.911Z", "user": 1, "content_type": 12, "object_id": "89", "object_repr": "Comment object (89)", "action_flag": 3, "change_message": ""}}, {"model": "admin.logentry", "pk": 100, "fields": {"action_time": "2018-06-25T06:50:31.022Z", "user": 1, "content_type": 12, "object_id": "88", "object_repr": "Comment object (88)", "action_flag": 3, "change_message": ""}}, {"model": "admin.logentry", "pk": 101, "fields": {"action_time": "2018-06-25T06:50:31.122Z", "user": 1, "content_type": 12, "object_id": "87", "object_repr": "Comment object (87)", "action_flag": 3, "change_message": ""}}, {"model": "admin.logentry", "pk": 102, "fields": {"action_time": "2018-06-25T06:50:31.211Z", "user": 1, "content_type": 12, "object_id": "86", "object_repr": "Comment object (86)", "action_flag": 3, "change_message": ""}}, {"model": "admin.logentry", "pk": 103, "fields": {"action_time": "2018-06-25T06:50:31.308Z", "user": 1, "content_type": 12, "object_id": "85", "object_repr": "Comment object (85)", "action_flag": 3, "change_message": ""}}, {"model": "admin.logentry", "pk": 104, "fields": {"action_time": "2018-06-25T06:50:31.424Z", "user": 1, "content_type": 12, "object_id": "84", "object_repr": "Comment object (84)", "action_flag": 3, "change_message": ""}}, {"model": "admin.logentry", "pk": 105, "fields": {"action_time": "2018-06-25T06:50:31.554Z", "user": 1, "content_type": 12, "object_id": "83", "object_repr": "Comment object (83)", "action_flag": 3, "change_message": ""}}, {"model": "admin.logentry", "pk": 106, "fields": {"action_time": "2018-06-25T06:50:31.665Z", "user": 1, "content_type": 12, "object_id": "82", "object_repr": "Comment object (82)", "action_flag": 3, "change_message": ""}}, {"model": "admin.logentry", "pk": 107, "fields": {"action_time": "2018-06-25T06:50:31.754Z", "user": 1, "content_type": 12, "object_id": "81", "object_repr": "Comment object (81)", "action_flag": 3, "change_message": ""}}, {"model": "admin.logentry", "pk": 108, "fields": {"action_time": "2018-06-25T06:50:31.841Z", "user": 1, "content_type": 12, "object_id": "80", "object_repr": "Comment object (80)", "action_flag": 3, "change_message": ""}}, {"model": "admin.logentry", "pk": 109, "fields": {"action_time": "2018-06-25T06:50:31.943Z", "user": 1, "content_type": 12, "object_id": "79", "object_repr": "Comment object (79)", "action_flag": 3, "change_message": ""}}, {"model": "admin.logentry", "pk": 110, "fields": {"action_time": "2018-06-25T06:50:32.044Z", "user": 1, "content_type": 12, "object_id": "78", "object_repr": "Comment object (78)", "action_flag": 3, "change_message": ""}}, {"model": "admin.logentry", "pk": 111, "fields": {"action_time": "2018-06-25T06:50:32.131Z", "user": 1, "content_type": 12, "object_id": "77", "object_repr": "Comment object (77)", "action_flag": 3, "change_message": ""}}, {"model": "admin.logentry", "pk": 112, "fields": {"action_time": "2018-06-25T06:50:32.219Z", "user": 1, "content_type": 12, "object_id": "76", "object_repr": "Comment object (76)", "action_flag": 3, "change_message": ""}}, {"model": "admin.logentry", "pk": 113, "fields": {"action_time": "2018-06-25T06:50:32.298Z", "user": 1, "content_type": 12, "object_id": "75", "object_repr": "Comment object (75)", "action_flag": 3, "change_message": ""}}, {"model": "admin.logentry", "pk": 114, "fields": {"action_time": "2018-06-25T06:50:32.409Z", "user": 1, "content_type": 12, "object_id": "74", "object_repr": "Comment object (74)", "action_flag": 3, "change_message": ""}}, {"model": "admin.logentry", "pk": 115, "fields": {"action_time": "2018-06-25T06:50:32.486Z", "user": 1, "content_type": 12, "object_id": "73", "object_repr": "Comment object (73)", "action_flag": 3, "change_message": ""}}, {"model": "admin.logentry", "pk": 116, "fields": {"action_time": "2018-06-25T06:50:32.587Z", "user": 1, "content_type": 12, "object_id": "72", "object_repr": "Comment object (72)", "action_flag": 3, "change_message": ""}}, {"model": "admin.logentry", "pk": 117, "fields": {"action_time": "2018-06-25T06:50:32.674Z", "user": 1, "content_type": 12, "object_id": "71", "object_repr": "Comment object (71)", "action_flag": 3, "change_message": ""}}, {"model": "admin.logentry", "pk": 118, "fields": {"action_time": "2018-06-25T06:50:32.799Z", "user": 1, "content_type": 12, "object_id": "70", "object_repr": "Comment object (70)", "action_flag": 3, "change_message": ""}}, {"model": "admin.logentry", "pk": 119, "fields": {"action_time": "2018-06-25T06:50:32.908Z", "user": 1, "content_type": 12, "object_id": "69", "object_repr": "Comment object (69)", "action_flag": 3, "change_message": ""}}, {"model": "admin.logentry", "pk": 120, "fields": {"action_time": "2018-06-25T06:50:33.026Z", "user": 1, "content_type": 12, "object_id": "68", "object_repr": "Comment object (68)", "action_flag": 3, "change_message": ""}}, {"model": "admin.logentry", "pk": 121, "fields": {"action_time": "2018-06-25T06:50:33.119Z", "user": 1, "content_type": 12, "object_id": "67", "object_repr": "Comment object (67)", "action_flag": 3, "change_message": ""}}, {"model": "admin.logentry", "pk": 122, "fields": {"action_time": "2018-06-25T06:50:33.226Z", "user": 1, "content_type": 12, "object_id": "66", "object_repr": "Comment object (66)", "action_flag": 3, "change_message": ""}}, {"model": "admin.logentry", "pk": 123, "fields": {"action_time": "2018-06-25T06:50:33.330Z", "user": 1, "content_type": 12, "object_id": "65", "object_repr": "Comment object (65)", "action_flag": 3, "change_message": ""}}, {"model": "admin.logentry", "pk": 124, "fields": {"action_time": "2018-06-25T06:50:33.426Z", "user": 1, "content_type": 12, "object_id": "64", "object_repr": "Comment object (64)", "action_flag": 3, "change_message": ""}}, {"model": "admin.logentry", "pk": 125, "fields": {"action_time": "2018-06-25T06:50:33.518Z", "user": 1, "content_type": 12, "object_id": "63", "object_repr": "Comment object (63)", "action_flag": 3, "change_message": ""}}, {"model": "admin.logentry", "pk": 126, "fields": {"action_time": "2018-06-25T06:50:33.630Z", "user": 1, "content_type": 12, "object_id": "62", "object_repr": "Comment object (62)", "action_flag": 3, "change_message": ""}}, {"model": "admin.logentry", "pk": 127, "fields": {"action_time": "2018-06-25T06:50:33.728Z", "user": 1, "content_type": 12, "object_id": "61", "object_repr": "Comment object (61)", "action_flag": 3, "change_message": ""}}, {"model": "admin.logentry", "pk": 128, "fields": {"action_time": "2018-06-25T06:50:33.813Z", "user": 1, "content_type": 12, "object_id": "60", "object_repr": "Comment object (60)", "action_flag": 3, "change_message": ""}}, {"model": "admin.logentry", "pk": 129, "fields": {"action_time": "2018-06-25T06:50:33.924Z", "user": 1, "content_type": 12, "object_id": "59", "object_repr": "Comment object (59)", "action_flag": 3, "change_message": ""}}, {"model": "admin.logentry", "pk": 130, "fields": {"action_time": "2018-06-25T06:50:34.028Z", "user": 1, "content_type": 12, "object_id": "58", "object_repr": "Comment object (58)", "action_flag": 3, "change_message": ""}}, {"model": "admin.logentry", "pk": 131, "fields": {"action_time": "2018-06-25T06:50:34.117Z", "user": 1, "content_type": 12, "object_id": "57", "object_repr": "Comment object (57)", "action_flag": 3, "change_message": ""}}, {"model": "admin.logentry", "pk": 132, "fields": {"action_time": "2018-06-25T06:50:34.216Z", "user": 1, "content_type": 12, "object_id": "56", "object_repr": "Comment object (56)", "action_flag": 3, "change_message": ""}}, {"model": "admin.logentry", "pk": 133, "fields": {"action_time": "2018-06-25T06:50:34.312Z", "user": 1, "content_type": 12, "object_id": "55", "object_repr": "Comment object (55)", "action_flag": 3, "change_message": ""}}, {"model": "admin.logentry", "pk": 134, "fields": {"action_time": "2018-06-25T06:50:34.405Z", "user": 1, "content_type": 12, "object_id": "54", "object_repr": "Comment object (54)", "action_flag": 3, "change_message": ""}}, {"model": "admin.logentry", "pk": 135, "fields": {"action_time": "2018-06-25T06:50:34.524Z", "user": 1, "content_type": 12, "object_id": "53", "object_repr": "Comment object (53)", "action_flag": 3, "change_message": ""}}, {"model": "admin.logentry", "pk": 136, "fields": {"action_time": "2018-06-25T06:50:34.612Z", "user": 1, "content_type": 12, "object_id": "52", "object_repr": "Comment object (52)", "action_flag": 3, "change_message": ""}}, {"model": "admin.logentry", "pk": 137, "fields": {"action_time": "2018-06-25T06:50:34.713Z", "user": 1, "content_type": 12, "object_id": "51", "object_repr": "Comment object (51)", "action_flag": 3, "change_message": ""}}, {"model": "admin.logentry", "pk": 138, "fields": {"action_time": "2018-06-25T06:50:34.835Z", "user": 1, "content_type": 12, "object_id": "50", "object_repr": "Comment object (50)", "action_flag": 3, "change_message": ""}}, {"model": "admin.logentry", "pk": 139, "fields": {"action_time": "2018-06-25T06:50:34.924Z", "user": 1, "content_type": 12, "object_id": "49", "object_repr": "Comment object (49)", "action_flag": 3, "change_message": ""}}, {"model": "admin.logentry", "pk": 140, "fields": {"action_time": "2018-06-25T06:50:35.012Z", "user": 1, "content_type": 12, "object_id": "48", "object_repr": "Comment object (48)", "action_flag": 3, "change_message": ""}}, {"model": "admin.logentry", "pk": 141, "fields": {"action_time": "2018-06-25T06:50:35.112Z", "user": 1, "content_type": 12, "object_id": "47", "object_repr": "Comment object (47)", "action_flag": 3, "change_message": ""}}, {"model": "admin.logentry", "pk": 142, "fields": {"action_time": "2018-06-25T06:50:35.200Z", "user": 1, "content_type": 12, "object_id": "46", "object_repr": "Comment object (46)", "action_flag": 3, "change_message": ""}}, {"model": "admin.logentry", "pk": 143, "fields": {"action_time": "2018-06-25T06:50:35.289Z", "user": 1, "content_type": 12, "object_id": "45", "object_repr": "Comment object (45)", "action_flag": 3, "change_message": ""}}, {"model": "admin.logentry", "pk": 144, "fields": {"action_time": "2018-06-25T06:50:35.377Z", "user": 1, "content_type": 12, "object_id": "44", "object_repr": "Comment object (44)", "action_flag": 3, "change_message": ""}}, {"model": "admin.logentry", "pk": 145, "fields": {"action_time": "2018-06-25T06:50:35.478Z", "user": 1, "content_type": 12, "object_id": "43", "object_repr": "Comment object (43)", "action_flag": 3, "change_message": ""}}, {"model": "admin.logentry", "pk": 146, "fields": {"action_time": "2018-06-25T06:50:35.566Z", "user": 1, "content_type": 12, "object_id": "42", "object_repr": "Comment object (42)", "action_flag": 3, "change_message": ""}}, {"model": "admin.logentry", "pk": 147, "fields": {"action_time": "2018-06-25T06:50:35.677Z", "user": 1, "content_type": 12, "object_id": "41", "object_repr": "Comment object (41)", "action_flag": 3, "change_message": ""}}, {"model": "admin.logentry", "pk": 148, "fields": {"action_time": "2018-06-25T06:50:35.765Z", "user": 1, "content_type": 12, "object_id": "40", "object_repr": "Comment object (40)", "action_flag": 3, "change_message": ""}}, {"model": "admin.logentry", "pk": 149, "fields": {"action_time": "2018-06-25T06:50:35.866Z", "user": 1, "content_type": 12, "object_id": "39", "object_repr": "Comment object (39)", "action_flag": 3, "change_message": ""}}, {"model": "admin.logentry", "pk": 150, "fields": {"action_time": "2018-06-25T06:50:35.977Z", "user": 1, "content_type": 12, "object_id": "38", "object_repr": "Comment object (38)", "action_flag": 3, "change_message": ""}}, {"model": "admin.logentry", "pk": 151, "fields": {"action_time": "2018-06-25T06:50:36.066Z", "user": 1, "content_type": 12, "object_id": "37", "object_repr": "Comment object (37)", "action_flag": 3, "change_message": ""}}, {"model": "admin.logentry", "pk": 152, "fields": {"action_time": "2018-06-25T06:50:36.144Z", "user": 1, "content_type": 12, "object_id": "36", "object_repr": "Comment object (36)", "action_flag": 3, "change_message": ""}}, {"model": "admin.logentry", "pk": 153, "fields": {"action_time": "2018-06-25T06:50:36.244Z", "user": 1, "content_type": 12, "object_id": "35", "object_repr": "Comment object (35)", "action_flag": 3, "change_message": ""}}, {"model": "admin.logentry", "pk": 154, "fields": {"action_time": "2018-06-25T06:50:36.332Z", "user": 1, "content_type": 12, "object_id": "34", "object_repr": "Comment object (34)", "action_flag": 3, "change_message": ""}}, {"model": "admin.logentry", "pk": 155, "fields": {"action_time": "2018-06-25T06:50:36.455Z", "user": 1, "content_type": 12, "object_id": "33", "object_repr": "Comment object (33)", "action_flag": 3, "change_message": ""}}, {"model": "admin.logentry", "pk": 156, "fields": {"action_time": "2018-06-25T06:50:36.544Z", "user": 1, "content_type": 12, "object_id": "32", "object_repr": "Comment object (32)", "action_flag": 3, "change_message": ""}}, {"model": "admin.logentry", "pk": 157, "fields": {"action_time": "2018-06-25T06:50:36.654Z", "user": 1, "content_type": 12, "object_id": "31", "object_repr": "Comment object (31)", "action_flag": 3, "change_message": ""}}, {"model": "admin.logentry", "pk": 158, "fields": {"action_time": "2018-06-25T06:50:36.746Z", "user": 1, "content_type": 12, "object_id": "30", "object_repr": "Comment object (30)", "action_flag": 3, "change_message": ""}}, {"model": "admin.logentry", "pk": 159, "fields": {"action_time": "2018-06-25T06:50:36.853Z", "user": 1, "content_type": 12, "object_id": "29", "object_repr": "Comment object (29)", "action_flag": 3, "change_message": ""}}, {"model": "admin.logentry", "pk": 160, "fields": {"action_time": "2018-06-25T06:50:36.981Z", "user": 1, "content_type": 12, "object_id": "28", "object_repr": "Comment object (28)", "action_flag": 3, "change_message": ""}}, {"model": "admin.logentry", "pk": 161, "fields": {"action_time": "2018-06-25T06:50:37.063Z", "user": 1, "content_type": 12, "object_id": "27", "object_repr": "Comment object (27)", "action_flag": 3, "change_message": ""}}, {"model": "admin.logentry", "pk": 162, "fields": {"action_time": "2018-06-25T06:50:37.152Z", "user": 1, "content_type": 12, "object_id": "26", "object_repr": "Comment object (26)", "action_flag": 3, "change_message": ""}}, {"model": "admin.logentry", "pk": 163, "fields": {"action_time": "2018-06-25T06:50:37.252Z", "user": 1, "content_type": 12, "object_id": "25", "object_repr": "Comment object (25)", "action_flag": 3, "change_message": ""}}, {"model": "admin.logentry", "pk": 164, "fields": {"action_time": "2018-06-25T06:50:37.346Z", "user": 1, "content_type": 12, "object_id": "24", "object_repr": "Comment object (24)", "action_flag": 3, "change_message": ""}}, {"model": "admin.logentry", "pk": 165, "fields": {"action_time": "2018-06-25T06:50:37.452Z", "user": 1, "content_type": 12, "object_id": "23", "object_repr": "Comment object (23)", "action_flag": 3, "change_message": ""}}, {"model": "admin.logentry", "pk": 166, "fields": {"action_time": "2018-06-25T06:50:37.541Z", "user": 1, "content_type": 12, "object_id": "22", "object_repr": "Comment object (22)", "action_flag": 3, "change_message": ""}}, {"model": "admin.logentry", "pk": 167, "fields": {"action_time": "2018-06-25T06:50:37.641Z", "user": 1, "content_type": 12, "object_id": "21", "object_repr": "Comment object (21)", "action_flag": 3, "change_message": ""}}, {"model": "admin.logentry", "pk": 168, "fields": {"action_time": "2018-06-25T06:50:37.730Z", "user": 1, "content_type": 12, "object_id": "20", "object_repr": "Comment object (20)", "action_flag": 3, "change_message": ""}}, {"model": "admin.logentry", "pk": 169, "fields": {"action_time": "2018-06-25T06:50:37.831Z", "user": 1, "content_type": 12, "object_id": "19", "object_repr": "Comment object (19)", "action_flag": 3, "change_message": ""}}, {"model": "admin.logentry", "pk": 170, "fields": {"action_time": "2018-06-25T06:50:37.919Z", "user": 1, "content_type": 12, "object_id": "18", "object_repr": "Comment object (18)", "action_flag": 3, "change_message": ""}}, {"model": "admin.logentry", "pk": 171, "fields": {"action_time": "2018-06-25T06:50:38.019Z", "user": 1, "content_type": 12, "object_id": "17", "object_repr": "Comment object (17)", "action_flag": 3, "change_message": ""}}, {"model": "admin.logentry", "pk": 172, "fields": {"action_time": "2018-06-25T06:50:38.106Z", "user": 1, "content_type": 12, "object_id": "16", "object_repr": "Comment object (16)", "action_flag": 3, "change_message": ""}}, {"model": "admin.logentry", "pk": 173, "fields": {"action_time": "2018-06-25T06:50:38.208Z", "user": 1, "content_type": 12, "object_id": "15", "object_repr": "Comment object (15)", "action_flag": 3, "change_message": ""}}, {"model": "admin.logentry", "pk": 174, "fields": {"action_time": "2018-06-25T06:50:38.295Z", "user": 1, "content_type": 12, "object_id": "14", "object_repr": "Comment object (14)", "action_flag": 3, "change_message": ""}}, {"model": "admin.logentry", "pk": 175, "fields": {"action_time": "2018-06-25T06:50:38.405Z", "user": 1, "content_type": 12, "object_id": "13", "object_repr": "Comment object (13)", "action_flag": 3, "change_message": ""}}, {"model": "admin.logentry", "pk": 176, "fields": {"action_time": "2018-06-25T06:50:38.506Z", "user": 1, "content_type": 12, "object_id": "12", "object_repr": "Comment object (12)", "action_flag": 3, "change_message": ""}}, {"model": "admin.logentry", "pk": 177, "fields": {"action_time": "2018-06-25T06:50:38.606Z", "user": 1, "content_type": 12, "object_id": "11", "object_repr": "Comment object (11)", "action_flag": 3, "change_message": ""}}, {"model": "admin.logentry", "pk": 178, "fields": {"action_time": "2018-06-25T06:50:38.694Z", "user": 1, "content_type": 12, "object_id": "10", "object_repr": "Comment object (10)", "action_flag": 3, "change_message": ""}}, {"model": "admin.logentry", "pk": 179, "fields": {"action_time": "2018-06-25T06:50:58.644Z", "user": 1, "content_type": 12, "object_id": "9", "object_repr": "Comment object (9)", "action_flag": 3, "change_message": ""}}, {"model": "admin.logentry", "pk": 180, "fields": {"action_time": "2018-06-25T06:50:59.637Z", "user": 1, "content_type": 12, "object_id": "8", "object_repr": "Comment object (8)", "action_flag": 3, "change_message": ""}}, {"model": "admin.logentry", "pk": 181, "fields": {"action_time": "2018-06-25T06:50:59.748Z", "user": 1, "content_type": 12, "object_id": "7", "object_repr": "Comment object (7)", "action_flag": 3, "change_message": ""}}, {"model": "admin.logentry", "pk": 182, "fields": {"action_time": "2018-06-25T06:50:59.864Z", "user": 1, "content_type": 12, "object_id": "6", "object_repr": "Comment object (6)", "action_flag": 3, "change_message": ""}}, {"model": "admin.logentry", "pk": 183, "fields": {"action_time": "2018-06-25T06:51:00.005Z", "user": 1, "content_type": 12, "object_id": "5", "object_repr": "Comment object (5)", "action_flag": 3, "change_message": ""}}, {"model": "admin.logentry", "pk": 184, "fields": {"action_time": "2018-06-25T06:51:00.127Z", "user": 1, "content_type": 12, "object_id": "4", "object_repr": "Comment object (4)", "action_flag": 3, "change_message": ""}}, {"model": "admin.logentry", "pk": 185, "fields": {"action_time": "2018-06-25T06:51:00.219Z", "user": 1, "content_type": 12, "object_id": "3", "object_repr": "Comment object (3)", "action_flag": 3, "change_message": ""}}, {"model": "admin.logentry", "pk": 186, "fields": {"action_time": "2018-06-25T06:51:00.341Z", "user": 1, "content_type": 12, "object_id": "2", "object_repr": "Comment object (2)", "action_flag": 3, "change_message": ""}}, {"model": "admin.logentry", "pk": 187, "fields": {"action_time": "2018-06-25T06:51:00.442Z", "user": 1, "content_type": 12, "object_id": "1", "object_repr": "Comment object (1)", "action_flag": 3, "change_message": ""}}, {"model": "admin.logentry", "pk": 188, "fields": {"action_time": "2018-06-25T07:00:51.932Z", "user": 1, "content_type": 12, "object_id": "2", "object_repr": "\u6211\u5f88\u597d", "action_flag": 1, "change_message": "[{\"added\": {}}]"}}, {"model": "admin.logentry", "pk": 189, "fields": {"action_time": "2018-06-25T07:25:15.025Z", "user": 1, "content_type": 12, "object_id": "2", "object_repr": "\u6211\u5f88\u597d", "action_flag": 2, "change_message": "[{\"changed\": {\"fields\": [\"tooy\", \"reply_to\"]}}]"}}, {"model": "admin.logentry", "pk": 190, "fields": {"action_time": "2018-06-25T07:26:38.915Z", "user": 1, "content_type": 4, "object_id": "3", "object_repr": "1234567", "action_flag": 3, "change_message": ""}}, {"model": "admin.logentry", "pk": 191, "fields": {"action_time": "2018-06-25T07:27:10.850Z", "user": 1, "content_type": 12, "object_id": "2", "object_repr": "\u6211\u5f88\u597d", "action_flag": 2, "change_message": "[{\"changed\": {\"fields\": [\"reply_to\"]}}]"}}, {"model": "admin.logentry", "pk": 192, "fields": {"action_time": "2018-06-25T07:27:25.869Z", "user": 1, "content_type": 4, "object_id": "3", "object_repr": "1234567", "action_flag": 3, "change_message": ""}}, {"model": "admin.logentry", "pk": 193, "fields": {"action_time": "2018-07-21T10:12:33.985Z", "user": 1, "content_type": 12, "object_id": "25", "object_repr": "<p>66</p>", "action_flag": 3, "change_message": ""}}, {"model": "admin.logentry", "pk": 194, "fields": {"action_time": "2018-08-20T11:34:17.756Z", "user": 1, "content_type": 16, "object_id": "1", "object_repr": "<Profile: 123456 for 123456>", "action_flag": 1, "change_message": "[{\"added\": {}}]"}}, {"model": "admin.logentry", "pk": 195, "fields": {"action_time": "2018-09-06T13:29:33.814Z", "user": 1, "content_type": 16, "object_id": "2", "object_repr": "<Profile:  for allenc>", "action_flag": 3, "change_message": ""}}, {"model": "admin.logentry", "pk": 196, "fields": {"action_time": "2019-07-08T12:28:17.368Z", "user": 1, "content_type": 7, "object_id": "4", "object_repr": "\u552f\u6709\u97f3\u4e50\u6cbb\u6108\u4eba\u5fc3", "action_flag": 2, "change_message": "[{\"changed\": {\"fields\": [\"is_display\"]}}]"}}, {"model": "admin.logentry", "pk": 197, "fields": {"action_time": "2019-07-08T12:46:12.361Z", "user": 1, "content_type": 8, "object_id": "16", "object_repr": "<Blog:test>", "action_flag": 1, "change_message": "[{\"added\": {}}]"}}, {"model": "admin.logentry", "pk": 198, "fields": {"action_time": "2019-07-08T13:09:26.748Z", "user": 1, "content_type": 7, "object_id": "4", "object_repr": "\u552f\u6709\u97f3\u4e50\u6cbb\u6108\u4eba\u5fc3", "action_flag": 2, "change_message": "[{\"changed\": {\"fields\": [\"is_display\"]}}]"}}, {"model": "admin.logentry", "pk": 199, "fields": {"action_time": "2019-07-08T13:09:52.827Z", "user": 1, "content_type": 7, "object_id": "4", "object_repr": "\u552f\u6709\u97f3\u4e50\u6cbb\u6108\u4eba\u5fc3", "action_flag": 2, "change_message": "[{\"changed\": {\"fields\": [\"is_display\"]}}]"}}, {"model": "admin.logentry", "pk": 200, "fields": {"action_time": "2019-07-08T13:10:25.941Z", "user": 1, "content_type": 7, "object_id": "4", "object_repr": "\u552f\u6709\u97f3\u4e50\u6cbb\u6108\u4eba\u5fc3", "action_flag": 2, "change_message": "[{\"changed\": {\"fields\": [\"is_display\"]}}]"}}]